match_id,pp_runs,pp_wickets,pp_fours,pp_sixes,pp_dot_balls,pp_legal_balls,batting_team,bowling_team,venue,season_yr,date,pp_crr,pp_boundaries,pp_dot_pct,pp_boundary_pct,pp_runs_per_wicket,mid_runs,mid_wickets,mid_crr,mid_run_per_wkt,venue_avg_score,batting_team_season_avg,bowling_team_pp_economy,batting_team_rolling3,h2h_avg,y,is_impact_era,is_t20_boom_era,is_pre2022
335982,61,1,7,3,23,32,KKR,RCB,M Chinnaswamy Stadium,2008,2008-04-18,10.167,10,0.719,0.312,30.5,93,1,10.333,46.5,170.73501577287067,170.73501577287067,8.5,170.73501577287067,170.73501577287067,222,0,0,1
335983,53,1,9,1,21,35,CSK,PBKS,"Punjab Cricket Association Stadium, Mohali",2008,2008-04-19,8.833,10,0.6,0.286,26.5,108,3,12.0,27.0,170.73501577287067,170.73501577287067,8.5,170.73501577287067,170.73501577287067,240,0,0,1
335984,40,2,6,1,22,35,RR,DC,Feroz Shah Kotla,2008,2008-04-19,6.667,7,0.629,0.2,13.333,56,5,6.222,9.333,170.73501577287067,170.73501577287067,8.5,170.73501577287067,170.73501577287067,129,0,0,1
335985,47,3,7,1,24,35,MI,RCB,Wankhede Stadium,2008,2008-04-20,7.833,8,0.686,0.229,11.75,58,1,6.444,29.0,178.5,170.73501577287067,8.5,170.73501577287067,170.73501577287067,165,0,0,1
335986,39,2,2,2,25,35,SRH,KKR,Eden Gardens,2008,2008-04-20,6.5,4,0.714,0.114,13.0,38,4,4.222,7.6,194.0,170.73501577287067,8.5,170.73501577287067,170.73501577287067,110,0,0,1
335987,54,1,8,3,21,36,PBKS,RR,Sawai Mansingh Stadium,2008,2008-04-21,9.0,11,0.583,0.306,27.0,61,3,6.778,15.25,163.43,170.73501577287067,8.5,170.73501577287067,170.73501577287067,166,0,0,1
335988,25,2,2,1,27,35,SRH,DC,"Rajiv Gandhi International Stadium, Uppal",2008,2008-04-22,4.167,3,0.771,0.086,8.333,48,3,5.333,12.0,170.73501577287067,170.73501577287067,8.5,110.0,170.73501577287067,142,0,0,1
335989,53,2,8,1,23,35,CSK,MI,"MA Chidambaram Stadium, Chepauk",2008,2008-04-23,8.833,9,0.657,0.257,17.667,90,1,10.0,45.0,170.73501577287067,170.73501577287067,8.5,240.0,170.73501577287067,208,0,0,1
335990,58,2,11,1,20,36,SRH,RR,"Rajiv Gandhi International Stadium, Uppal",2008,2008-04-24,9.667,12,0.556,0.333,19.333,90,1,10.0,45.0,170.73501577287067,126.0,8.5,126.0,170.73501577287067,214,0,0,1
335991,60,1,8,1,17,36,PBKS,MI,"Punjab Cricket Association Stadium, Mohali",2008,2008-04-25,10.0,9,0.472,0.25,30.0,78,3,8.667,19.5,170.73501577287067,170.73501577287067,8.5,166.0,170.73501577287067,182,0,0,1
335992,57,2,8,3,21,35,RCB,RR,M Chinnaswamy Stadium,2008,2008-04-26,9.5,11,0.6,0.314,19.0,38,5,4.222,6.333,170.73501577287067,170.73501577287067,9.333,170.73501577287067,170.73501577287067,135,0,0,1
335993,61,3,8,3,18,36,KKR,CSK,"MA Chidambaram Stadium, Chepauk",2008,2008-04-26,10.167,11,0.5,0.306,15.25,43,3,4.778,10.75,170.73501577287067,170.73501577287067,8.5,222.0,170.73501577287067,147,0,0,1
335994,27,3,4,0,30,35,MI,SRH,Dr DY Patil Sports Academy,2008,2008-04-27,4.5,4,0.857,0.114,6.75,72,2,8.0,24.0,170.73501577287067,170.73501577287067,8.5,165.0,170.73501577287067,154,0,0,1
335995,45,3,7,0,18,34,DC,PBKS,"Punjab Cricket Association Stadium, Mohali",2008,2008-04-27,7.5,7,0.529,0.206,11.25,62,2,6.889,20.667,170.73501577287067,170.73501577287067,8.5,170.73501577287067,170.73501577287067,158,0,0,1
335996,36,1,5,0,21,35,CSK,RCB,M Chinnaswamy Stadium,2008,2008-04-28,6.0,5,0.6,0.143,18.0,66,2,7.333,22.0,170.73501577287067,224.0,9.0,224.0,170.73501577287067,178,0,0,1
335997,40,3,6,1,21,36,KKR,MI,Eden Gardens,2008,2008-04-29,6.667,7,0.583,0.194,10.0,47,3,5.222,11.75,194.0,184.5,9.417,184.5,170.73501577287067,137,0,0,1
335998,58,1,9,1,16,34,DC,RCB,Feroz Shah Kotla,2008,2008-04-30,9.667,10,0.471,0.294,29.0,93,1,10.333,46.5,170.73501577287067,170.73501577287067,8.0,158.0,170.73501577287067,191,0,0,1
335999,50,1,7,0,15,36,SRH,PBKS,"Rajiv Gandhi International Stadium, Uppal",2008,2008-05-01,8.333,7,0.417,0.194,25.0,61,5,6.778,10.167,170.73501577287067,155.33,8.167,155.33,170.73501577287067,164,0,0,1
336000,45,1,6,1,21,35,RR,KKR,Sawai Mansingh Stadium,2008,2008-05-01,7.5,7,0.6,0.2,22.5,97,3,10.778,24.25,163.43,170.73501577287067,8.5,129.0,170.73501577287067,196,0,0,1
336001,47,1,7,0,19,36,CSK,DC,"MA Chidambaram Stadium, Chepauk",2008,2008-05-02,7.833,7,0.528,0.194,23.5,79,2,8.778,26.333,170.73501577287067,208.67,5.417,208.67,170.73501577287067,169,0,0,1
336002,41,0,4,0,20,34,SRH,RCB,"Rajiv Gandhi International Stadium, Uppal",2008,2008-05-25,6.833,4,0.588,0.118,41.0,82,4,9.111,16.4,170.73501577287067,157.5,8.167,159.67,170.73501577287067,165,0,0,1
336003,49,1,9,0,19,35,PBKS,KKR,"Punjab Cricket Association Stadium, Mohali",2008,2008-05-03,8.167,9,0.543,0.257,24.5,70,4,7.778,14.0,170.73501577287067,174.0,7.0,174.0,170.73501577287067,178,0,0,1
336004,50,2,8,1,19,35,MI,DC,Dr DY Patil Sports Academy,2008,2008-05-04,8.333,9,0.543,0.257,16.667,62,3,6.889,15.5,170.73501577287067,159.5,6.222,159.5,170.73501577287067,162,0,0,1
336005,38,4,6,0,26,34,CSK,RR,Sawai Mansingh Stadium,2008,2008-05-04,6.333,6,0.765,0.176,7.6,53,3,5.889,13.25,163.43,198.75,9.389,185.0,170.73501577287067,109,0,0,1
336006,26,3,4,0,30,36,RCB,PBKS,M Chinnaswamy Stadium,2008,2008-05-05,4.333,4,0.833,0.111,6.5,71,1,7.889,35.5,170.73501577287067,145.5,8.222,145.5,170.73501577287067,126,0,0,1
336007,34,3,4,0,27,34,CSK,SRH,"MA Chidambaram Stadium, Chepauk",2008,2008-05-06,5.667,4,0.794,0.118,8.5,52,3,5.778,13.0,170.73501577287067,180.8,6.083,152.0,170.73501577287067,144,0,0,1
336008,48,2,5,2,16,36,RR,MI,Dr DY Patil Sports Academy,2008,2008-05-07,8.0,7,0.444,0.194,16.0,54,5,6.0,9.0,170.73501577287067,162.5,8.5,162.5,170.73501577287067,103,0,0,1
336009,50,2,7,0,14,35,DC,CSK,Feroz Shah Kotla,2008,2008-05-08,8.333,7,0.4,0.2,16.667,83,0,9.222,83.0,170.73501577287067,174.5,8.5,174.5,170.73501577287067,187,0,0,1
336010,41,2,4,1,21,36,KKR,RCB,Eden Gardens,2008,2008-05-08,6.833,5,0.583,0.139,13.667,74,4,8.222,14.8,194.0,168.67,8.417,168.67,170.73501577287067,129,0,0,1
336011,50,0,8,1,19,35,SRH,RR,Sawai Mansingh Stadium,2008,2008-05-09,8.333,9,0.543,0.257,50.0,53,4,5.889,10.6,163.43,157.5,8.625,173.33,170.73501577287067,140,0,0,1
336012,36,2,4,0,16,36,RCB,MI,M Chinnaswamy Stadium,2008,2008-05-28,6.0,4,0.444,0.111,12.0,56,5,6.222,9.333,170.73501577287067,140.0,7.119,141.0,170.73501577287067,122,0,0,1
336013,53,2,6,1,24,35,CSK,PBKS,"MA Chidambaram Stadium, Chepauk",2008,2008-05-10,8.833,7,0.686,0.2,17.667,91,1,10.111,45.5,170.73501577287067,174.67,7.25,140.67,170.73501577287067,181,0,0,1
336014,43,1,8,0,18,36,KKR,SRH,"Rajiv Gandhi International Stadium, Uppal",2008,2008-05-11,7.167,8,0.5,0.222,21.5,75,1,8.333,37.5,170.73501577287067,158.75,5.944,137.67,170.73501577287067,204,0,0,1
336015,47,1,6,0,15,34,DC,RR,Sawai Mansingh Stadium,2008,2008-05-11,7.833,6,0.441,0.176,23.5,49,4,5.444,9.8,163.43,178.67,8.567,178.67,170.73501577287067,156,0,0,1
336016,50,3,7,1,20,35,RCB,PBKS,"Punjab Cricket Association Stadium, Mohali",2008,2008-05-12,8.333,8,0.571,0.229,12.5,52,2,5.778,17.333,170.73501577287067,139.0,7.567,139.0,170.73501577287067,143,0,0,1
336017,35,1,5,0,23,35,KKR,DC,Eden Gardens,2008,2008-05-13,5.833,5,0.657,0.143,17.5,60,2,6.667,20.0,194.0,167.8,6.75,156.67,170.73501577287067,133,0,0,1
336018,28,2,4,0,22,36,CSK,MI,Wankhede Stadium,2008,2008-05-14,4.667,4,0.611,0.111,9.333,61,2,6.778,20.333,178.5,175.57,8.375,144.67,170.73501577287067,156,0,0,1
336019,51,0,9,1,20,35,PBKS,RR,"Punjab Cricket Association Stadium, Mohali",2008,2008-05-28,8.5,10,0.571,0.286,51.0,93,1,10.333,46.5,170.73501577287067,177.8,7.604,180.33,170.73501577287067,221,0,0,1
336020,48,1,4,2,18,35,DC,SRH,Feroz Shah Kotla,2008,2008-05-15,8.0,6,0.514,0.171,24.0,90,0,10.0,90.0,170.73501577287067,173.0,6.25,178.0,170.73501577287067,194,0,0,1
336021,27,3,2,1,31,36,KKR,MI,Wankhede Stadium,2008,2008-05-16,4.5,3,0.861,0.083,6.75,40,6,4.444,5.714,178.5,162.0,7.633,155.33,170.73501577287067,67,0,0,1
336023,51,0,6,1,21,34,RR,RCB,Sawai Mansingh Stadium,2008,2008-05-17,8.5,7,0.618,0.206,51.0,92,1,10.222,46.0,163.43,142.67,8.1,142.67,170.73501577287067,197,0,0,1
336024,57,1,9,2,18,36,MI,SRH,"Rajiv Gandhi International Stadium, Uppal",2008,2008-05-18,9.5,11,0.5,0.306,28.5,57,3,6.333,14.25,170.73501577287067,160.33,6.6,160.33,170.73501577287067,178,0,0,1
336026,41,1,4,1,26,36,RCB,DC,M Chinnaswamy Stadium,2008,2008-05-19,6.833,5,0.722,0.139,20.5,61,2,6.778,20.333,170.73501577287067,140.0,6.567,141.67,170.73501577287067,154,0,0,1
336027,32,1,5,0,25,35,KKR,RR,Eden Gardens,2008,2008-05-20,5.333,5,0.714,0.143,16.0,70,3,7.778,17.5,194.0,148.43,8.444,134.67,170.73501577287067,147,0,0,1
336028,43,1,4,2,19,35,PBKS,MI,Wankhede Stadium,2008,2008-05-21,7.167,6,0.543,0.171,21.5,91,1,10.111,45.5,178.5,175.33,7.111,175.33,170.73501577287067,189,0,0,1
336029,23,2,3,0,24,35,RCB,CSK,"MA Chidambaram Stadium, Chepauk",2008,2008-05-21,3.833,3,0.686,0.086,7.667,53,3,5.889,13.25,170.73501577287067,142.8,9.25,141.0,170.73501577287067,126,0,0,1
336031,42,0,7,0,18,35,SRH,PBKS,"Punjab Cricket Association Stadium, Mohali",2008,2008-05-23,7.0,7,0.514,0.2,42.0,69,2,7.667,23.0,170.73501577287067,154.0,7.694,172.67,170.73501577287067,175,0,0,1
336032,60,0,8,3,17,36,MI,DC,Feroz Shah Kotla,2008,2008-05-24,10.0,11,0.472,0.306,60.0,63,4,7.0,12.6,170.73501577287067,164.75,6.611,164.67,170.73501577287067,176,0,0,1
336033,67,0,9,2,14,35,RR,CSK,"MA Chidambaram Stadium, Chepauk",2008,2008-05-24,11.167,11,0.4,0.314,67.0,100,2,11.111,33.333,170.73501577287067,156.25,7.444,165.33,170.73501577287067,211,0,0,1
336034,46,1,7,0,16,36,RCB,SRH,M Chinnaswamy Stadium,2008,2008-05-03,7.667,7,0.444,0.194,23.0,68,4,7.556,13.6,170.73501577287067,170.73501577287067,8.5,135.0,170.73501577287067,156,0,0,1
336035,47,1,6,0,20,36,PBKS,KKR,Eden Gardens,2008,2008-05-25,7.833,6,0.556,0.167,23.5,86,2,9.556,28.667,194.0,178.75,7.389,183.0,170.73501577287067,174,0,0,1
336036,29,0,2,0,25,36,MI,RR,Sawai Mansingh Stadium,2008,2008-05-26,4.833,2,0.694,0.056,29.0,68,2,7.556,22.667,163.43,167.0,8.0,172.0,170.73501577287067,145,0,0,1
336037,26,2,3,0,22,35,SRH,CSK,"Rajiv Gandhi International Stadium, Uppal",2008,2008-05-27,4.333,3,0.629,0.086,8.667,67,1,7.444,33.5,170.73501577287067,158.57,8.375,160.0,170.73501577287067,147,0,0,1
336038,58,0,10,1,18,36,RR,DC,Wankhede Stadium,2008,2008-05-30,9.667,11,0.5,0.306,58.0,84,4,9.333,16.8,178.5,167.2,7.095,170.33,170.73501577287067,192,0,0,1
336039,35,4,3,1,21,36,PBKS,CSK,Wankhede Stadium,2008,2008-05-31,5.833,4,0.583,0.111,7.0,33,3,3.667,8.25,178.5,185.0,7.567,194.67,170.73501577287067,112,0,0,1
336040,42,1,4,1,17,35,CSK,RR,Dr DY Patil Sports Academy,2008,2008-06-01,7.0,5,0.486,0.143,21.0,75,2,8.333,25.0,170.73501577287067,173.12,7.704,160.33,170.73501577287067,163,0,0,1
392181,40,1,6,0,16,35,MI,CSK,Newlands,2009,2009-04-18,6.667,6,0.457,0.171,20.0,65,3,7.222,16.25,170.73501577287067,170.73501577287067,8.5,166.33,170.73501577287067,165,0,0,1
392182,29,3,3,0,21,35,RCB,RR,Newlands,2009,2009-04-18,4.833,3,0.6,0.086,7.25,58,2,6.444,19.333,170.73501577287067,170.73501577287067,8.5,134.0,170.73501577287067,133,0,0,1
392184,21,3,2,1,30,35,KKR,SRH,Newlands,2009,2009-04-19,3.5,3,0.857,0.086,5.25,43,2,4.778,14.333,170.73501577287067,170.73501577287067,8.5,115.67,170.73501577287067,101,0,0,1
392185,68,0,7,3,12,35,CSK,RCB,St George's Park,2009,2009-04-20,11.333,10,0.343,0.286,68.0,67,2,7.444,22.333,170.73501577287067,170.73501577287067,8.5,166.67,170.73501577287067,179,0,0,1
392188,62,1,7,3,16,33,SRH,RCB,Newlands,2009,2009-04-22,10.333,10,0.485,0.303,31.0,77,2,8.556,25.667,170.73501577287067,170.73501577287067,8.5,162.33,170.73501577287067,184,0,0,1
392189,59,2,7,3,14,36,DC,CSK,Kingsmead,2009,2009-04-23,9.833,10,0.389,0.278,19.667,64,2,7.111,21.333,170.73501577287067,170.73501577287067,8.5,179.0,170.73501577287067,189,0,0,1
392191,49,3,7,1,20,36,RCB,PBKS,Kingsmead,2009,2009-04-24,8.167,8,0.556,0.222,12.25,69,1,7.667,34.5,170.73501577287067,170.73501577287067,8.5,127.0,134.5,168,0,0,1
392192,55,0,7,2,21,34,SRH,MI,Kingsmead,2009,2009-04-25,9.167,9,0.618,0.265,55.0,82,4,9.111,16.4,170.73501577287067,170.73501577287067,8.5,165.33,170.73501577287067,168,0,0,1
392194,45,2,3,1,18,35,RCB,DC,St George's Park,2009,2009-04-26,7.5,4,0.514,0.114,15.0,55,2,6.111,18.333,170.73501577287067,150.5,8.5,141.0,170.73501577287067,149,0,0,1
392195,38,2,6,0,29,36,PBKS,RR,Newlands,2009,2009-04-26,6.333,6,0.806,0.167,12.667,60,2,6.667,20.0,170.73501577287067,170.73501577287067,8.5,169.0,193.5,139,0,0,1
392196,62,1,8,2,18,36,CSK,SRH,Kingsmead,2009,2009-04-27,10.333,10,0.5,0.278,31.0,51,3,5.667,12.75,170.73501577287067,170.73501577287067,8.5,166.0,170.73501577287067,165,0,0,1
392197,61,0,4,4,24,36,MI,KKR,St George's Park,2009,2009-04-27,10.167,8,0.667,0.222,61.0,90,3,10.0,22.5,170.73501577287067,170.73501577287067,8.5,162.0,170.73501577287067,187,0,0,1
392198,42,3,6,1,20,36,DC,RR,SuperSport Park,2009,2009-04-28,7.0,7,0.556,0.194,10.5,59,1,6.556,29.5,170.73501577287067,170.73501577287067,5.583,179.67,170.73501577287067,143,0,0,1
392199,45,2,6,1,23,36,KKR,RCB,Kingsmead,2009,2009-04-29,7.5,7,0.639,0.194,15.0,49,2,5.444,16.333,170.73501577287067,170.73501577287067,10.833,105.0,175.5,139,0,0,1
392200,26,2,1,1,22,35,PBKS,MI,Kingsmead,2009,2009-04-29,4.333,2,0.629,0.057,8.667,60,3,6.667,15.0,170.73501577287067,170.73501577287067,8.5,157.33,185.5,119,0,0,1
392201,37,2,6,0,23,36,SRH,DC,SuperSport Park,2009,2009-04-30,6.167,6,0.639,0.167,12.333,81,3,9.0,20.25,170.73501577287067,176.0,8.5,166.33,170.73501577287067,148,0,0,1
392202,40,2,3,2,19,36,CSK,RR,SuperSport Park,2009,2009-04-30,6.667,5,0.528,0.139,13.333,64,2,7.111,21.333,170.73501577287067,172.0,6.056,169.0,136.0,164,0,0,1
392203,40,2,3,1,22,34,MI,KKR,Buffalo Park,2009,2009-05-01,6.667,4,0.647,0.118,13.333,48,2,5.333,16.0,170.73501577287067,176.0,8.5,165.67,170.73501577287067,148,0,0,1
392204,38,2,2,2,21,36,RCB,PBKS,Kingsmead,2009,2009-05-01,6.333,4,0.583,0.111,12.667,62,4,6.889,12.4,170.73501577287067,150.0,8.5,150.0,145.67,145,0,0,1
392205,39,2,6,1,23,35,SRH,RR,St George's Park,2009,2009-05-02,6.5,7,0.657,0.2,13.0,63,1,7.0,31.5,170.73501577287067,166.67,6.208,166.67,177.0,141,0,0,1
392206,53,2,6,2,19,36,CSK,DC,New Wanderers Stadium,2009,2009-05-02,8.833,8,0.528,0.222,17.667,77,2,8.556,25.667,170.73501577287067,169.33,6.833,169.33,170.73501577287067,163,0,0,1
392207,28,1,3,0,25,36,KKR,PBKS,St George's Park,2009,2009-05-03,4.667,3,0.694,0.083,14.0,64,1,7.111,32.0,170.73501577287067,120.0,7.25,129.0,170.73501577287067,153,0,0,1
392208,25,3,3,0,25,36,MI,RCB,New Wanderers Stadium,2009,2009-05-03,4.167,3,0.694,0.083,6.25,61,1,6.778,30.5,170.73501577287067,166.67,9.722,166.67,170.73501577287067,149,0,0,1
392209,53,0,5,3,19,36,CSK,SRH,Buffalo Park,2009,2009-05-04,8.833,8,0.528,0.222,53.0,77,2,8.556,25.667,170.73501577287067,167.75,6.917,164.0,154.5,178,0,0,1
392210,57,0,6,3,17,36,RR,PBKS,Kingsmead,2009,2009-05-05,9.5,9,0.472,0.25,57.0,79,1,8.778,39.5,170.73501577287067,170.73501577287067,6.389,200.0,170.73501577287067,211,0,0,1
392211,54,0,4,3,19,36,KKR,DC,Kingsmead,2009,2009-05-05,9.0,7,0.528,0.194,54.0,49,2,5.444,16.333,170.73501577287067,131.0,7.5,131.0,170.73501577287067,154,0,0,1
392212,37,2,3,2,27,34,SRH,MI,SuperSport Park,2009,2009-05-06,6.167,5,0.794,0.147,12.333,62,2,6.889,20.667,170.73501577287067,160.25,6.75,152.33,170.73501577287067,145,0,0,1
392213,29,3,2,1,25,36,RCB,RR,SuperSport Park,2009,2009-05-07,4.833,3,0.694,0.083,7.25,47,3,5.222,11.75,170.73501577287067,148.75,6.267,154.0,134.0,105,0,0,1
392215,30,3,2,0,26,36,MI,DC,Buffalo Park,2009,2009-05-08,5.0,2,0.722,0.056,7.5,44,1,4.889,22.0,170.73501577287067,162.25,7.875,161.33,169.0,116,0,0,1
392216,52,1,5,2,18,36,SRH,PBKS,De Beers Diamond Oval,2009,2009-05-09,8.667,7,0.5,0.194,26.0,48,3,5.333,12.0,170.73501577287067,157.2,7.167,144.67,169.5,168,0,0,1
392217,34,1,3,1,20,35,RR,CSK,De Beers Diamond Oval,2009,2009-05-09,5.667,4,0.571,0.114,17.0,65,3,7.222,16.25,170.73501577287067,170.73501577287067,8.25,204.67,170.73501577287067,140,0,0,1
392218,46,1,4,1,27,36,MI,RCB,St George's Park,2009,2009-05-10,7.667,5,0.75,0.139,23.0,58,1,6.444,29.0,170.73501577287067,153.0,8.333,137.67,157.0,157,0,0,1
392219,37,3,2,2,25,36,KKR,DC,New Wanderers Stadium,2009,2009-05-10,6.167,4,0.694,0.111,9.25,40,3,4.444,10.0,170.73501577287067,136.75,7.3,148.67,143.5,123,0,0,1
392220,42,2,3,2,19,36,SRH,RR,De Beers Diamond Oval,2009,2009-05-11,7.0,5,0.528,0.139,14.0,66,2,7.333,22.0,170.73501577287067,159.0,6.028,151.33,165.0,166,0,0,1
392221,38,2,6,1,22,36,KKR,RCB,SuperSport Park,2009,2009-05-12,6.333,7,0.611,0.194,12.667,64,1,7.111,32.0,170.73501577287067,134.0,8.2,143.33,163.33,173,0,0,1
392222,51,3,5,3,26,36,PBKS,MI,SuperSport Park,2009,2009-05-12,8.5,8,0.722,0.222,12.75,41,4,4.556,8.2,170.73501577287067,129.0,6.556,123.33,163.33,119,0,0,1
392223,56,1,7,2,20,36,DC,SRH,Kingsmead,2009,2009-05-13,9.333,9,0.556,0.25,28.0,53,3,5.889,13.25,170.73501577287067,166.0,7.556,175.33,170.73501577287067,173,0,0,1
392224,52,2,8,1,16,36,CSK,RCB,Kingsmead,2009,2009-05-14,8.667,9,0.444,0.25,17.333,53,2,5.889,17.667,170.73501577287067,169.8,7.889,168.33,178.5,129,0,0,1
392225,42,0,6,0,18,34,RR,MI,Kingsmead,2009,2009-05-14,7.0,6,0.529,0.176,42.0,81,2,9.0,27.0,170.73501577287067,175.5,7.042,181.0,170.73501577287067,145,0,0,1
392226,38,2,4,0,27,33,DC,PBKS,OUTsurance Oval,2009,2009-05-15,6.333,4,0.818,0.121,12.667,59,2,6.556,19.667,170.73501577287067,168.33,7.467,168.33,170.73501577287067,120,0,0,1
392227,49,2,6,2,20,36,MI,CSK,St George's Park,2009,2009-05-16,8.167,8,0.556,0.222,16.333,47,1,5.222,23.5,170.73501577287067,153.67,7.389,140.67,170.73501577287067,147,0,0,1
392228,31,1,2,1,23,35,KKR,SRH,New Wanderers Stadium,2009,2009-05-16,5.167,3,0.657,0.086,15.5,58,1,6.444,29.0,170.73501577287067,140.5,8.0,150.0,152.5,160,0,0,1
392229,39,3,3,2,25,36,PBKS,SRH,New Wanderers Stadium,2009,2009-05-17,6.5,5,0.694,0.139,9.75,55,1,6.111,27.5,170.73501577287067,125.67,7.433,125.67,170.73501577287067,134,0,0,1
392230,35,2,4,0,22,36,DC,RR,OUTsurance Oval,2009,2009-05-17,5.833,4,0.611,0.111,11.667,60,0,6.667,60.0,170.73501577287067,156.25,6.167,145.33,149.5,150,0,0,1
392231,54,0,8,0,19,34,CSK,KKR,SuperSport Park,2009,2009-05-18,9.0,8,0.559,0.235,54.0,69,2,7.667,23.0,170.73501577287067,163.0,8.417,156.67,170.73501577287067,188,0,0,1
392232,37,3,4,1,19,36,DC,RCB,New Wanderers Stadium,2009,2009-05-19,6.167,5,0.528,0.139,9.25,52,2,5.778,17.333,170.73501577287067,155.0,8.0,147.67,170.73501577287067,134,0,0,1
392233,46,4,5,3,24,36,RR,KKR,Kingsmead,2009,2009-05-20,7.667,8,0.667,0.222,9.2,33,3,3.667,8.25,170.73501577287067,165.33,8.611,165.33,170.73501577287067,101,0,0,1
392234,50,1,8,1,15,36,CSK,PBKS,Kingsmead,2009,2009-05-20,8.333,9,0.417,0.25,25.0,46,5,5.111,7.667,170.73501577287067,166.57,7.278,165.0,210.5,116,0,0,1
392235,30,3,4,0,31,35,MI,DC,SuperSport Park,2009,2009-05-21,5.0,4,0.886,0.114,7.5,79,2,8.778,26.333,170.73501577287067,152.71,7.111,140.0,151.33,165,0,0,1
392236,33,1,4,0,21,36,RCB,SRH,SuperSport Park,2009,2009-05-21,5.5,4,0.583,0.111,16.5,83,2,9.222,27.667,170.73501577287067,140.0,7.278,133.0,170.73501577287067,170,0,0,1
392237,49,2,7,1,22,36,DC,SRH,SuperSport Park,2009,2009-05-22,8.167,8,0.611,0.222,16.333,60,1,6.667,30.0,170.73501577287067,151.5,7.024,134.67,183.5,153,0,0,1
392238,52,0,9,0,14,35,CSK,RCB,New Wanderers Stadium,2009,2009-05-23,8.667,9,0.4,0.257,52.0,55,3,6.111,13.75,170.73501577287067,160.25,7.771,144.33,162.0,146,0,0,1
392239,31,2,3,0,24,36,SRH,RCB,New Wanderers Stadium,2009,2009-05-24,5.167,3,0.667,0.083,10.333,70,1,7.778,35.0,170.73501577287067,160.0,7.87,159.67,174.5,143,0,0,1
419106,38,4,3,2,28,34,KKR,SRH,Dr DY Patil Sports Academy,2010,2010-03-12,6.333,5,0.824,0.147,7.6,54,0,6.0,54.0,170.73501577287067,170.73501577287067,8.5,152.0,155.0,161,0,0,1
419107,69,1,9,2,21,36,MI,RR,Brabourne Stadium,2010,2010-03-13,11.5,11,0.583,0.306,34.5,90,2,10.0,30.0,170.73501577287067,170.73501577287067,8.5,156.33,170.73501577287067,212,0,0,1
419108,44,3,3,2,26,33,PBKS,DC,"Punjab Cricket Association Stadium, Mohali",2010,2010-03-13,7.333,5,0.788,0.152,11.0,69,3,7.667,17.25,170.73501577287067,170.73501577287067,8.5,124.0,170.73501577287067,142,0,0,1
419109,24,3,4,0,27,36,RCB,KKR,Eden Gardens,2010,2010-03-14,4.0,4,0.75,0.111,6.0,65,2,7.222,21.667,194.0,170.73501577287067,8.5,140.0,170.73501577287067,135,0,0,1
419110,57,2,6,3,22,34,SRH,CSK,"MA Chidambaram Stadium, Chepauk",2010,2010-03-14,9.5,9,0.647,0.265,19.0,70,0,7.778,70.0,170.73501577287067,170.73501577287067,8.5,159.0,170.73501577287067,190,0,0,1
419111,47,3,8,1,21,36,RR,DC,"Sardar Patel Stadium, Motera",2010,2010-03-15,7.833,9,0.583,0.25,11.75,44,1,4.889,22.0,170.73501577287067,170.73501577287067,8.5,128.67,160.5,141,0,0,1
419112,50,0,5,2,24,35,PBKS,RCB,M Chinnaswamy Stadium,2010,2010-03-16,8.333,7,0.686,0.2,50.0,83,1,9.222,41.5,170.73501577287067,170.73501577287067,8.5,131.67,170.73501577287067,203,0,0,1
419113,31,1,5,0,20,36,CSK,KKR,Eden Gardens,2010,2010-03-16,5.167,5,0.556,0.139,15.5,65,2,7.222,21.667,194.0,170.73501577287067,8.5,150.0,170.73501577287067,164,0,0,1
419114,67,1,10,1,14,34,MI,DC,Feroz Shah Kotla,2010,2010-03-17,11.167,11,0.412,0.324,33.5,98,2,10.889,32.667,170.73501577287067,170.73501577287067,7.583,174.67,154.75,218,0,0,1
419115,31,1,2,0,22,35,RR,RCB,M Chinnaswamy Stadium,2010,2010-03-18,5.167,2,0.629,0.057,15.5,47,3,5.222,11.75,170.73501577287067,170.73501577287067,8.5,129.0,170.73501577287067,92,0,0,1
419116,52,1,9,1,18,36,DC,CSK,Feroz Shah Kotla,2010,2010-03-19,8.667,10,0.5,0.278,26.0,87,3,9.667,21.75,170.73501577287067,170.73501577287067,8.5,145.67,188.0,185,0,0,1
419117,56,2,6,2,13,36,SRH,PBKS,Barabati Stadium,2010,2010-03-19,9.333,8,0.361,0.222,18.667,69,3,7.667,17.25,170.73501577287067,170.73501577287067,8.5,166.33,169.0,170,0,0,1
419118,56,2,10,0,16,35,RR,KKR,"Sardar Patel Stadium, Motera",2010,2010-03-20,9.333,10,0.457,0.286,18.667,68,2,7.556,22.667,170.73501577287067,116.5,4.583,111.33,148.5,168,0,0,1
419119,45,2,6,0,24,34,MI,RCB,Brabourne Stadium,2010,2010-03-20,7.5,6,0.706,0.176,15.0,57,4,6.333,11.4,170.73501577287067,215.0,6.75,198.33,157.0,151,0,0,1
419120,47,2,6,2,20,35,SRH,DC,Barabati Stadium,2010,2010-03-21,7.833,8,0.571,0.229,15.667,68,2,7.556,22.667,170.73501577287067,180.0,8.778,167.67,145.0,171,0,0,1
419122,41,0,7,0,28,33,KKR,MI,Brabourne Stadium,2010,2010-03-22,6.833,7,0.848,0.212,41.0,61,1,6.778,30.5,170.73501577287067,170.73501577287067,8.5,164.67,102.0,155,0,0,1
419123,38,1,6,0,21,36,RCB,CSK,M Chinnaswamy Stadium,2010,2010-03-23,6.333,6,0.583,0.167,19.0,66,2,7.333,22.0,170.73501577287067,170.73501577287067,9.083,136.67,170.73501577287067,171,0,0,1
419124,53,1,9,0,18,36,RR,PBKS,"Punjab Cricket Association Stadium, Mohali",2010,2010-03-24,8.833,9,0.5,0.25,26.5,80,2,8.889,26.667,170.73501577287067,133.67,8.5,133.67,170.73501577287067,183,0,0,1
419125,51,2,6,1,21,35,CSK,MI,"Brabourne Stadium, Mumbai",2010,2010-03-25,8.5,7,0.6,0.2,17.0,75,0,8.333,75.0,177.25,170.73501577287067,8.5,142.0,182.0,180,0,0,1
419126,55,2,6,2,18,34,SRH,RR,"Sardar Patel Stadium, Motera",2010,2010-03-26,9.167,8,0.529,0.235,18.333,53,4,5.889,10.6,170.73501577287067,177.0,8.5,177.0,165.25,148,0,0,1
419127,50,2,8,0,24,35,KKR,PBKS,"Punjab Cricket Association Stadium, Mohali",2010,2010-03-27,8.333,8,0.686,0.229,16.667,76,1,8.444,38.0,170.73501577287067,158.0,9.083,158.67,170.73501577287067,183,0,0,1
419128,64,2,7,2,12,36,DC,RCB,M Chinnaswamy Stadium,2010,2010-03-25,10.667,9,0.333,0.25,21.333,64,1,7.111,32.0,170.73501577287067,170.73501577287067,7.0,157.33,162.5,183,0,0,1
419129,58,1,6,3,18,35,RR,CSK,"Sardar Patel Stadium, Motera",2010,2010-03-28,9.667,9,0.514,0.257,29.0,71,2,7.889,23.667,170.73501577287067,146.0,8.167,147.67,175.5,177,0,0,1
419130,52,1,8,1,23,36,MI,SRH,Dr DY Patil Sports Academy,2010,2010-03-28,8.667,9,0.639,0.25,26.0,48,5,5.333,8.0,170.73501577287067,193.67,8.5,193.67,166.0,172,0,0,1
419131,62,3,9,2,17,36,DC,KKR,Feroz Shah Kotla,2010,2010-03-29,10.333,11,0.472,0.306,15.5,73,0,8.111,73.0,170.73501577287067,184.0,6.167,173.67,170.73501577287067,177,0,0,1
419132,48,2,5,0,21,34,PBKS,MI,Brabourne Stadium,2010,2010-03-30,8.0,5,0.618,0.147,16.0,70,2,7.778,23.333,170.73501577287067,172.5,7.667,159.67,152.25,163,0,0,1
419133,52,1,6,2,19,35,RCB,CSK,"MA Chidambaram Stadium, Chepauk",2010,2010-03-31,8.667,8,0.543,0.229,26.0,65,1,7.222,32.5,170.73501577287067,153.0,8.542,158.67,148.5,161,0,0,1
419134,52,3,6,2,20,35,DC,RR,Feroz Shah Kotla,2010,2010-03-31,8.667,8,0.571,0.229,13.0,68,1,7.556,34.0,170.73501577287067,181.67,10.333,181.67,149.67,188,0,0,1
419135,46,2,7,0,21,34,KKR,SRH,Eden Gardens,2010,2010-04-01,7.667,7,0.618,0.206,15.333,70,1,7.778,35.0,194.0,166.33,7.5,166.33,156.5,181,0,0,1
419136,41,1,8,0,19,36,PBKS,RCB,"Punjab Cricket Association Stadium, Mohali",2010,2010-04-02,6.833,8,0.528,0.222,20.5,78,2,8.667,26.0,170.73501577287067,169.33,7.917,169.33,170.73501577287067,181,0,0,1
419137,66,1,9,3,13,36,CSK,RR,"MA Chidambaram Stadium, Chepauk",2010,2010-04-03,11.0,12,0.361,0.333,33.0,104,1,11.556,52.0,170.73501577287067,172.0,9.778,163.33,145.33,246,0,0,1
419138,53,0,6,0,13,36,MI,SRH,Brabourne Stadium,2010,2010-04-03,8.833,6,0.361,0.167,53.0,61,3,6.778,15.25,170.73501577287067,188.25,7.556,180.33,168.0,178,0,0,1
419139,53,0,8,1,20,36,KKR,PBKS,Eden Gardens,2010,2010-04-04,8.833,9,0.556,0.25,53.0,96,1,10.667,48.0,194.0,170.0,8.833,173.0,168.0,200,0,0,1
419140,54,2,8,2,19,36,DC,RCB,Feroz Shah Kotla,2010,2010-04-04,9.0,10,0.528,0.278,18.0,71,3,7.889,17.75,170.73501577287067,183.25,7.7,182.67,169.33,184,0,0,1
419141,48,2,3,3,21,35,RR,SRH,"Vidarbha Cricket Association Stadium, Jamtha",2010,2010-04-05,8.0,6,0.6,0.171,16.0,80,2,8.889,26.667,170.73501577287067,152.2,7.875,176.0,170.73501577287067,159,0,0,1
419142,42,1,4,1,22,35,CSK,MI,"MA Chidambaram Stadium, Chepauk",2010,2010-04-06,7.0,5,0.629,0.143,21.0,82,3,9.111,20.5,170.73501577287067,196.67,7.778,196.67,181.33,165,0,0,1
419143,52,1,7,1,20,34,PBKS,RR,Sawai Mansingh Stadium,2010,2010-04-07,8.667,8,0.588,0.235,26.0,74,3,8.222,18.5,163.43,172.25,10.083,182.33,175.33,153,0,0,1
419144,50,0,9,0,22,36,KKR,DC,Eden Gardens,2010,2010-04-07,8.333,9,0.611,0.25,50.0,76,3,8.444,19.0,194.0,176.0,8.542,188.0,136.67,181,0,0,1
419145,46,1,4,2,26,36,RCB,SRH,M Chinnaswamy Stadium,2010,2010-04-08,7.667,6,0.722,0.167,23.0,61,3,6.778,15.25,170.73501577287067,155.67,7.9,155.67,163.0,184,0,0,1
419146,51,2,8,0,12,36,MI,PBKS,"Punjab Cricket Association Stadium, Mohali",2010,2010-04-09,8.5,8,0.333,0.222,17.0,58,3,6.444,14.5,170.73501577287067,186.2,8.833,167.0,170.73501577287067,154,0,0,1
419147,55,1,7,1,15,36,CSK,SRH,"Vidarbha Cricket Association Stadium, Jamtha",2010,2010-04-10,9.167,8,0.417,0.222,27.5,55,3,6.111,13.75,170.73501577287067,188.75,7.861,197.0,162.33,138,0,0,1
419148,61,1,7,3,17,36,KKR,RCB,M Chinnaswamy Stadium,2010,2010-04-10,10.167,10,0.472,0.278,30.5,63,3,7.0,15.75,170.73501577287067,176.83,7.917,187.33,165.75,160,0,0,1
419149,45,3,6,0,25,36,DC,PBKS,Feroz Shah Kotla,2010,2010-04-11,7.5,6,0.694,0.167,11.25,36,4,4.0,7.2,170.73501577287067,183.4,8.767,183.0,139.0,111,0,0,1
419150,47,3,8,0,21,35,MI,RR,Sawai Mansingh Stadium,2010,2010-04-11,7.833,8,0.6,0.229,11.75,59,1,6.556,29.5,163.43,180.83,9.8,168.0,178.5,174,0,0,1
419151,35,3,3,1,23,34,SRH,RCB,"Vidarbha Cricket Association Stadium, Jamtha",2010,2010-04-12,5.833,4,0.676,0.118,8.75,76,1,8.444,38.0,170.73501577287067,169.75,8.238,163.0,164.0,151,0,0,1
419152,44,1,5,0,21,35,MI,DC,Brabourne Stadium,2010,2010-04-13,7.333,5,0.6,0.143,22.0,64,2,7.111,21.333,170.73501577287067,179.86,8.5,168.67,167.4,183,0,0,1
419153,22,4,2,1,29,35,KKR,CSK,"MA Chidambaram Stadium, Chepauk",2010,2010-04-13,3.667,3,0.829,0.086,4.4,71,1,7.889,35.5,170.73501577287067,174.43,8.567,180.33,170.73501577287067,139,0,0,1
419154,30,3,4,0,23,36,RR,RCB,Sawai Mansingh Stadium,2010,2010-04-14,5.0,4,0.639,0.111,7.5,57,3,6.333,14.25,163.43,153.33,7.938,173.0,144.5,130,0,0,1
419155,39,3,5,0,24,36,CSK,DC,"MA Chidambaram Stadium, Chepauk",2010,2010-04-15,6.5,5,0.667,0.139,9.75,35,4,3.889,7.0,170.73501577287067,178.6,8.306,183.0,166.0,112,0,0,1
419156,43,1,8,0,24,34,PBKS,SRH,Himachal Pradesh Cricket Association Stadium,2010,2010-04-16,7.167,8,0.706,0.235,21.5,55,1,6.111,27.5,170.73501577287067,168.4,8.048,165.67,170.73501577287067,174,0,0,1
419157,34,1,4,0,21,35,MI,RCB,M Chinnaswamy Stadium,2010,2010-04-17,5.667,4,0.6,0.114,17.0,104,1,11.556,52.0,170.73501577287067,180.25,7.611,170.33,155.5,191,0,0,1
419158,46,0,7,1,17,36,RR,KKR,Eden Gardens,2010,2010-04-17,7.667,8,0.472,0.222,46.0,55,5,6.111,9.167,194.0,150.0,7.208,155.33,155.0,132,0,0,1
419159,49,1,6,2,21,35,PBKS,CSK,Himachal Pradesh Cricket Association Stadium,2010,2010-04-18,8.167,8,0.6,0.229,24.5,82,2,9.111,27.333,170.73501577287067,169.33,7.75,169.33,170.73501577287067,192,0,0,1
419160,38,2,4,1,17,35,SRH,DC,Feroz Shah Kotla,2010,2010-04-18,6.333,5,0.486,0.143,12.667,79,3,8.778,19.75,170.73501577287067,166.0,8.048,156.67,153.67,145,0,0,1
419161,42,2,4,1,16,36,MI,KKR,Eden Gardens,2010,2010-04-19,7.0,5,0.444,0.139,14.0,44,2,4.889,14.667,194.0,181.44,7.3,182.67,167.5,133,0,0,1
419162,54,2,8,0,22,36,MI,RCB,Dr DY Patil Sports Academy,2010,2010-04-21,9.0,8,0.611,0.222,18.0,53,2,5.889,17.667,170.73501577287067,176.6,7.417,169.0,162.6,184,0,0,1
419163,39,3,4,1,25,34,CSK,SRH,Dr DY Patil Sports Academy,2010,2010-04-22,6.5,5,0.735,0.147,9.75,57,2,6.333,19.0,170.73501577287067,167.5,7.938,138.33,156.25,142,0,0,1
419164,27,3,4,0,27,35,SRH,RCB,Dr DY Patil Sports Academy,2010,2010-04-24,4.5,4,0.771,0.114,6.75,51,2,5.667,17.0,170.73501577287067,162.5,7.561,148.0,160.75,82,0,0,1
419165,40,0,2,3,21,35,CSK,MI,Dr DY Patil Sports Academy,2010,2010-04-25,6.667,5,0.6,0.143,40.0,68,3,7.556,17.0,170.73501577287067,163.86,7.583,130.67,177.25,168,0,0,1
501198,45,1,8,0,18,36,CSK,KKR,"MA Chidambaram Stadium, Chepauk",2011,2011-04-08,7.5,8,0.5,0.222,22.5,62,1,6.889,31.0,170.73501577287067,170.73501577287067,8.5,140.67,176.0,153,0,0,1
501199,44,2,6,1,19,36,SRH,RR,"Rajiv Gandhi International Stadium, Uppal",2011,2011-04-09,7.333,7,0.528,0.194,14.667,46,3,5.111,11.5,170.73501577287067,170.73501577287067,8.5,126.0,161.8,137,0,0,1
501200,61,0,5,4,15,34,KTK,RCB,Nehru Stadium,2011,2011-04-09,10.167,9,0.441,0.265,61.0,63,2,7.0,21.0,170.73501577287067,170.73501577287067,8.5,170.73501577287067,170.73501577287067,161,0,0,1
501201,38,3,4,2,23,36,DC,MI,Feroz Shah Kotla,2011,2011-04-10,6.333,6,0.639,0.167,9.5,49,3,5.444,12.25,170.73501577287067,170.73501577287067,8.5,161.0,170.73501577287067,95,0,0,1
501202,36,5,6,0,26,34,PBKS,PWI,Dr DY Patil Sports Academy,2011,2011-04-10,6.0,6,0.765,0.176,6.0,32,1,3.556,16.0,170.73501577287067,170.73501577287067,8.5,173.0,170.73501577287067,112,0,0,1
501203,46,0,8,0,16,34,KKR,SRH,Eden Gardens,2011,2011-04-11,7.667,8,0.471,0.235,46.0,72,2,8.0,24.0,194.0,170.73501577287067,8.5,160.0,161.4,163,0,0,1
501204,30,2,3,1,28,34,DC,RR,Sawai Mansingh Stadium,2011,2011-04-12,5.0,4,0.824,0.118,10.0,59,2,6.556,19.667,163.43,170.73501577287067,8.5,130.0,159.25,151,0,0,1
501205,24,2,2,0,24,32,RCB,MI,M Chinnaswamy Stadium,2011,2011-04-12,4.0,2,0.75,0.062,8.0,67,0,7.444,67.0,170.73501577287067,170.73501577287067,8.5,172.0,170.73501577287067,140,0,0,1
501206,31,2,2,1,25,34,CSK,PBKS,"Punjab Cricket Association Stadium, Mohali",2011,2011-04-13,5.167,3,0.735,0.088,10.333,95,1,10.556,47.5,170.73501577287067,170.73501577287067,8.5,154.33,179.0,188,0,0,1
501207,37,4,7,0,21,36,KTK,PWI,Dr DY Patil Sports Academy,2011,2011-04-13,6.167,7,0.583,0.194,7.4,74,0,8.222,74.0,170.73501577287067,170.73501577287067,8.5,161.0,170.73501577287067,148,0,0,1
501208,41,1,6,0,23,35,SRH,RCB,"Rajiv Gandhi International Stadium, Uppal",2011,2011-04-14,6.833,6,0.657,0.171,20.5,73,2,8.111,24.333,170.73501577287067,170.73501577287067,8.5,121.33,145.0,175,0,0,1
501209,31,1,4,0,28,35,RR,KKR,Sawai Mansingh Stadium,2011,2011-04-15,5.167,4,0.8,0.114,15.5,71,2,7.889,23.667,163.43,170.73501577287067,8.5,140.33,149.25,159,0,0,1
501210,44,0,6,0,23,30,MI,KTK,Wankhede Stadium,2011,2011-04-15,7.333,6,0.767,0.2,44.0,81,1,9.0,40.5,178.5,170.73501577287067,8.5,169.33,170.73501577287067,182,0,0,1
501211,45,0,6,1,16,35,CSK,RCB,"MA Chidambaram Stadium, Chepauk",2011,2011-04-16,7.5,7,0.457,0.2,45.0,81,2,9.0,27.0,170.73501577287067,170.5,8.5,169.67,158.0,183,0,0,1
501212,48,1,8,0,15,35,SRH,PBKS,"Rajiv Gandhi International Stadium, Uppal",2011,2011-04-16,8.0,8,0.429,0.229,24.0,65,3,7.222,16.25,170.73501577287067,156.0,8.5,131.33,169.25,165,0,0,1
501213,63,1,7,3,19,34,PWI,DC,Dr DY Patil Sports Academy,2011,2011-04-17,10.5,10,0.559,0.294,31.5,65,3,7.222,16.25,170.73501577287067,170.73501577287067,8.5,170.73501577287067,170.73501577287067,187,0,0,1
501214,36,2,5,0,19,36,RR,KKR,Eden Gardens,2011,2011-04-17,6.0,5,0.528,0.139,12.0,44,7,4.889,5.5,194.0,170.73501577287067,6.333,140.33,151.2,81,0,0,1
501216,43,1,7,0,20,35,SRH,DC,Feroz Shah Kotla,2011,2011-04-19,7.167,7,0.571,0.2,21.5,86,2,9.556,28.667,170.73501577287067,159.0,8.5,159.0,151.5,168,0,0,1
501218,33,4,4,0,26,33,PWI,MI,Wankhede Stadium,2011,2011-04-20,5.5,4,0.788,0.121,6.6,67,3,7.444,16.75,178.5,170.73501577287067,5.167,187.0,170.73501577287067,118,0,0,1
501219,45,0,7,1,20,35,KTK,KKR,Eden Gardens,2011,2011-04-20,7.5,8,0.571,0.229,45.0,55,5,6.111,9.167,194.0,154.5,6.222,154.5,170.73501577287067,132,0,0,1
501220,77,1,9,3,20,35,PBKS,RR,"Punjab Cricket Association Stadium, Mohali",2011,2011-04-21,12.833,12,0.571,0.343,38.5,92,1,10.222,46.0,170.73501577287067,170.73501577287067,6.167,159.33,169.75,195,0,0,1
501221,40,2,5,1,24,36,MI,CSK,Wankhede Stadium,2011,2011-04-22,6.667,6,0.667,0.167,13.333,67,1,7.444,33.5,178.5,170.73501577287067,8.5,166.33,156.0,164,0,0,1
501222,50,1,5,1,21,36,KKR,RCB,Eden Gardens,2011,2011-04-22,8.333,6,0.583,0.167,25.0,64,1,7.111,32.0,194.0,170.73501577287067,8.167,154.0,164.6,171,0,0,1
501223,70,0,9,2,19,34,DC,PBKS,Feroz Shah Kotla,2011,2011-04-23,11.667,11,0.559,0.324,70.0,103,2,11.444,34.333,170.73501577287067,123.0,6.583,119.0,129.67,231,0,0,1
501224,57,1,9,1,15,35,MI,SRH,"Rajiv Gandhi International Stadium, Uppal",2011,2011-04-24,9.5,10,0.429,0.286,28.5,45,3,5.0,11.25,170.73501577287067,173.0,8.5,176.67,170.5,172,0,0,1
501225,32,2,3,0,22,34,KTK,RR,Sawai Mansingh Stadium,2011,2011-04-24,5.333,3,0.647,0.088,10.667,56,1,6.222,28.0,163.43,147.0,8.389,147.0,170.73501577287067,109,0,0,1
501226,45,0,5,1,17,36,CSK,PWI,"MA Chidambaram Stadium, Chepauk",2011,2011-04-25,7.5,6,0.472,0.167,45.0,54,2,6.0,18.0,170.73501577287067,174.67,6.083,174.67,170.73501577287067,142,0,0,1
501227,42,1,5,0,18,34,DC,RCB,Feroz Shah Kotla,2011,2011-04-26,7.0,5,0.529,0.147,21.0,73,2,8.111,24.333,170.73501577287067,159.0,8.208,159.0,173.0,160,0,0,1
501228,37,3,6,0,21,36,PWI,CSK,Dr DY Patil Sports Academy,2011,2011-04-27,6.167,6,0.583,0.167,9.25,54,2,6.0,18.0,170.73501577287067,152.5,8.5,152.5,170.73501577287067,141,0,0,1
501229,20,3,1,0,30,36,SRH,KTK,Nehru Stadium,2011,2011-04-27,3.333,1,0.833,0.028,5.0,70,0,7.778,70.0,170.73501577287067,161.25,8.5,169.33,170.73501577287067,129,0,0,1
501230,42,1,7,0,18,36,KKR,DC,Feroz Shah Kotla,2011,2011-04-28,7.0,7,0.5,0.194,21.0,63,4,7.0,12.6,170.73501577287067,167.0,8.833,157.67,147.75,148,0,0,1
501231,31,2,2,1,20,36,MI,RR,Sawai Mansingh Stadium,2011,2011-04-29,5.167,3,0.556,0.083,10.333,36,2,4.0,12.0,163.43,172.67,7.625,172.67,177.0,94,0,0,1
501232,57,0,5,4,16,36,RCB,PWI,M Chinnaswamy Stadium,2011,2011-04-29,9.5,9,0.444,0.25,57.0,61,2,6.778,20.333,170.73501577287067,170.73501577287067,6.556,161.67,170.73501577287067,181,0,0,1
501233,34,2,4,0,27,33,DC,KTK,Nehru Stadium,2011,2011-04-30,5.667,4,0.818,0.121,11.333,60,2,6.667,20.0,170.73501577287067,159.25,5.333,180.67,170.73501577287067,157,0,0,1
501234,40,2,5,1,22,36,PBKS,KKR,Eden Gardens,2011,2011-04-30,6.667,6,0.611,0.167,13.333,46,3,5.111,11.5,194.0,153.5,6.542,166.33,176.0,119,0,0,1
501235,49,1,9,0,16,36,PWI,RR,Sawai Mansingh Stadium,2011,2011-05-01,8.167,9,0.444,0.25,24.5,53,3,5.889,13.25,163.43,148.67,7.133,148.67,170.73501577287067,143,0,0,1
501236,34,1,3,0,19,35,CSK,SRH,"MA Chidambaram Stadium, Chepauk",2011,2011-05-01,5.667,3,0.543,0.086,17.0,62,1,6.889,31.0,170.73501577287067,166.5,8.583,171.0,153.4,165,0,0,1
501237,35,1,4,1,20,35,MI,PBKS,Wankhede Stadium,2011,2011-05-02,5.833,5,0.571,0.143,17.5,79,1,8.778,39.5,178.5,153.0,8.278,143.33,170.73501577287067,159,0,0,1
501238,42,2,5,2,22,36,DC,KTK,Feroz Shah Kotla,2011,2011-05-02,7.0,7,0.611,0.194,14.0,56,2,6.222,18.667,170.73501577287067,158.8,5.444,182.67,170.73501577287067,140,0,0,1
501239,41,1,5,1,23,36,KKR,SRH,"Rajiv Gandhi International Stadium, Uppal",2011,2011-05-03,6.833,6,0.639,0.167,20.5,69,2,7.667,23.0,170.73501577287067,160.67,7.611,160.67,161.67,169,0,0,1
501240,47,0,7,0,17,34,RR,CSK,"MA Chidambaram Stadium, Chepauk",2011,2011-05-04,7.833,7,0.5,0.206,47.0,66,3,7.333,16.5,170.73501577287067,120.0,6.417,124.0,176.0,147,0,0,1
501241,49,1,7,0,19,33,MI,PWI,Dr DY Patil Sports Academy,2011,2011-05-04,8.167,7,0.576,0.212,24.5,48,3,5.333,12.0,170.73501577287067,154.2,7.292,141.67,170.73501577287067,160,0,0,1
501242,35,2,5,0,20,36,KTK,KKR,Nehru Stadium,2011,2011-05-05,5.833,5,0.556,0.139,11.667,63,2,7.0,21.0,170.73501577287067,137.5,6.567,129.67,170.73501577287067,156,0,0,1
501243,43,1,8,0,19,34,SRH,DC,"Rajiv Gandhi International Stadium, Uppal",2011,2011-05-05,7.167,8,0.559,0.235,21.5,82,2,9.111,27.333,170.73501577287067,154.8,8.222,154.0,154.8,175,0,0,1
501244,48,1,7,2,22,35,RCB,PBKS,M Chinnaswamy Stadium,2011,2011-05-06,8.0,9,0.629,0.257,24.0,107,2,11.889,35.667,170.73501577287067,160.5,7.667,168.33,145.5,205,0,0,1
501246,50,1,11,0,23,36,MI,DC,Wankhede Stadium,2011,2011-05-07,8.333,11,0.639,0.306,25.0,79,1,8.778,39.5,178.5,155.17,7.958,137.67,170.0,178,0,0,1
501247,49,1,7,0,15,36,KTK,RCB,M Chinnaswamy Stadium,2011,2011-05-08,8.167,7,0.417,0.194,24.5,48,4,5.333,9.6,170.73501577287067,141.2,7.967,132.33,170.73501577287067,125,0,0,1
501248,34,1,5,0,19,35,PBKS,PWI,"Punjab Cricket Association Stadium, Mohali",2011,2011-05-08,5.667,5,0.543,0.143,17.0,62,3,6.889,15.5,170.73501577287067,142.0,7.467,142.0,170.73501577287067,119,0,0,1
501249,55,0,8,0,13,35,CSK,RR,Sawai Mansingh Stadium,2011,2011-05-09,9.167,8,0.371,0.229,55.0,81,2,9.0,27.0,163.43,166.2,7.306,163.33,170.5,196,0,0,1
501250,50,0,5,2,13,36,SRH,PWI,"Rajiv Gandhi International Stadium, Uppal",2011,2011-05-10,8.333,7,0.361,0.194,50.0,50,4,5.556,10.0,170.73501577287067,158.17,7.167,157.33,170.73501577287067,136,0,0,1
501251,39,1,5,0,22,34,PBKS,MI,"Punjab Cricket Association Stadium, Mohali",2011,2011-05-10,6.5,5,0.647,0.147,19.5,85,1,9.444,42.5,170.73501577287067,136.25,5.278,144.33,154.4,163,0,0,1
501252,43,0,6,1,22,36,RR,RCB,Sawai Mansingh Stadium,2011,2011-05-11,7.167,7,0.611,0.194,43.0,69,3,7.667,17.25,163.43,129.0,8.0,129.0,139.67,146,0,0,1
501253,42,2,3,3,20,36,CSK,DC,"MA Chidambaram Stadium, Chepauk",2011,2011-05-12,7.0,6,0.556,0.167,14.0,63,1,7.0,31.5,170.73501577287067,171.17,8.033,167.67,148.0,176,0,0,1
501254,62,0,7,1,20,35,KTK,PBKS,Holkar Cricket Stadium,2011,2011-05-13,10.333,8,0.571,0.229,62.0,68,3,7.556,17.0,170.73501577287067,138.5,7.733,130.0,170.73501577287067,178,0,0,1
501256,32,1,1,2,19,35,SRH,MI,Wankhede Stadium,2011,2011-05-14,5.333,3,0.543,0.086,16.0,50,4,5.556,10.0,178.5,155.0,5.583,146.67,156.5,135,0,0,1
501257,43,1,8,0,24,35,PBKS,DC,Himachal Pradesh Cricket Association Stadium,2011,2011-05-15,7.167,8,0.686,0.229,21.5,83,2,9.222,27.667,170.73501577287067,141.6,7.861,133.67,170.73501577287067,170,0,0,1
501258,32,3,4,1,24,35,RR,KTK,Holkar Cricket Stadium,2011,2011-05-15,5.333,5,0.686,0.143,8.0,55,5,6.111,9.167,170.73501577287067,133.25,5.833,124.67,170.73501577287067,97,0,0,1
501259,39,2,5,1,21,36,PWI,SRH,Dr DY Patil Sports Academy,2011,2011-05-16,6.5,6,0.583,0.167,13.0,53,5,5.889,8.833,170.73501577287067,147.25,7.417,134.0,170.73501577287067,136,0,0,1
501260,30,1,3,1,28,34,PBKS,RCB,Himachal Pradesh Cricket Association Stadium,2011,2011-05-17,5.0,4,0.824,0.118,15.0,143,0,15.889,143.0,170.73501577287067,146.33,7.881,150.67,192.0,232,0,0,1
501261,41,2,4,2,18,36,CSK,KTK,"MA Chidambaram Stadium, Chepauk",2011,2011-05-18,6.833,6,0.5,0.167,13.667,60,2,6.667,20.0,170.73501577287067,171.86,5.733,179.0,170.73501577287067,152,0,0,1
501262,29,2,4,0,23,35,PWI,KKR,Dr DY Patil Sports Academy,2011,2011-05-19,4.833,4,0.657,0.114,9.667,52,3,5.778,13.0,170.73501577287067,145.0,6.444,140.0,170.73501577287067,118,0,0,1
501263,26,2,3,0,22,34,MI,RR,Wankhede Stadium,2011,2011-05-20,4.333,3,0.647,0.088,8.667,68,1,7.556,34.0,178.5,158.43,7.571,165.67,156.25,133,0,0,1
501264,58,0,8,0,15,34,SRH,PBKS,Himachal Pradesh Cricket Association Stadium,2011,2011-05-21,9.667,8,0.441,0.235,58.0,89,1,9.889,44.5,170.73501577287067,152.5,8.167,148.67,168.4,198,0,0,1
501266,23,4,3,0,29,36,CSK,RCB,M Chinnaswamy Stadium,2011,2011-05-22,3.833,3,0.806,0.083,4.6,56,1,6.222,28.0,170.73501577287067,169.38,7.521,174.67,163.0,128,0,0,1
501267,46,2,5,2,20,34,KKR,MI,Eden Gardens,2011,2011-05-22,7.667,7,0.588,0.206,15.333,75,1,8.333,37.5,194.0,162.75,5.533,162.67,119.67,175,0,0,1
501268,44,1,5,1,22,34,RCB,CSK,Wankhede Stadium,2011,2011-05-24,7.333,6,0.647,0.176,22.0,78,2,8.667,26.0,178.5,175.33,6.889,175.33,152.67,175,0,0,1
501269,25,4,3,0,25,35,KKR,MI,Wankhede Stadium,2011,2011-05-25,4.167,3,0.714,0.086,5.0,77,1,8.556,38.5,178.5,165.2,5.889,164.0,133.5,147,0,0,1
501270,68,0,10,2,20,36,RCB,MI,"MA Chidambaram Stadium, Chepauk",2011,2011-05-27,11.333,12,0.556,0.333,68.0,82,2,9.111,27.333,170.73501577287067,175.25,5.643,187.0,131.0,185,0,0,1
501271,56,0,0,4,12,34,CSK,RCB,"MA Chidambaram Stadium, Chepauk",2011,2011-05-28,9.333,4,0.353,0.118,56.0,105,1,11.667,52.5,170.73501577287067,164.78,7.111,152.0,157.17,205,0,0,1
548306,42,2,1,1,18,35,CSK,MI,"MA Chidambaram Stadium, Chepauk",2012,2012-04-04,7.0,2,0.514,0.057,14.0,53,3,5.889,13.25,170.73501577287067,170.73501577287067,8.5,161.67,175.4,112,0,0,1
548307,46,4,5,1,21,34,KKR,DC,Eden Gardens,2012,2012-04-05,7.667,6,0.618,0.176,9.2,51,5,5.667,8.5,194.0,170.73501577287067,8.5,163.67,147.8,97,0,0,1
548308,30,3,3,0,22,34,PWI,MI,Wankhede Stadium,2012,2012-04-06,5.0,3,0.647,0.088,7.5,61,1,6.778,30.5,178.5,170.73501577287067,8.5,132.33,170.73501577287067,129,0,0,1
548309,57,0,9,0,16,33,RR,PBKS,Sawai Mansingh Stadium,2012,2012-04-06,9.5,9,0.485,0.273,57.0,70,2,7.778,23.333,163.43,170.73501577287067,8.5,130.0,197.0,191,0,0,1
548310,46,2,5,2,21,34,RCB,DC,M Chinnaswamy Stadium,2012,2012-04-07,7.667,7,0.618,0.206,15.333,62,4,6.889,12.4,170.73501577287067,170.73501577287067,8.5,188.33,151.5,157,0,0,1
548311,44,2,4,2,18,36,CSK,SRH,Dr. Y.S. Rajasekhara Reddy ACA-VDCA Cricket Stadium,2012,2012-04-07,7.333,6,0.5,0.167,14.667,77,3,8.556,19.25,154.5,170.73501577287067,8.5,148.33,155.33,193,0,0,1
548312,37,1,3,2,21,36,RR,KKR,Sawai Mansingh Stadium,2012,2012-04-08,6.167,5,0.583,0.139,18.5,79,2,8.778,26.333,163.43,170.73501577287067,8.5,144.67,139.5,164,0,0,1
548313,38,2,4,0,18,35,PWI,PBKS,Subrata Roy Sahara Stadium,2012,2012-04-08,6.333,4,0.514,0.114,12.667,75,1,8.333,37.5,170.73501577287067,170.73501577287067,8.5,127.67,170.73501577287067,166,0,0,1
548314,45,2,2,4,18,36,SRH,MI,Dr. Y.S. Rajasekhara Reddy ACA-VDCA Cricket Stadium,2012,2012-04-09,7.5,6,0.5,0.167,15.0,51,2,5.667,17.0,154.5,170.73501577287067,6.0,156.33,149.33,138,0,0,1
548315,60,0,9,2,16,35,KKR,RCB,M Chinnaswamy Stadium,2012,2012-04-10,10.0,11,0.457,0.314,60.0,68,3,7.556,17.0,170.73501577287067,170.73501577287067,8.5,139.67,165.67,165,0,0,1
548316,41,2,4,2,27,35,CSK,DC,Feroz Shah Kotla,2012,2012-04-10,6.833,6,0.771,0.171,13.667,39,3,4.333,9.75,170.73501577287067,152.5,7.667,170.0,155.0,110,0,0,1
548317,54,1,5,3,16,34,MI,RR,Wankhede Stadium,2012,2012-04-11,9.0,8,0.471,0.235,27.0,83,2,9.222,27.667,178.5,170.73501577287067,8.5,157.0,151.6,197,0,0,1
548318,56,1,5,3,17,36,RCB,CSK,"MA Chidambaram Stadium, Chepauk",2012,2012-04-12,9.333,8,0.472,0.222,28.0,93,0,10.333,93.0,170.73501577287067,170.73501577287067,8.5,172.33,158.25,205,0,0,1
548319,29,3,4,0,25,35,PWI,PBKS,"Punjab Cricket Association Stadium, Mohali",2012,2012-04-12,4.833,4,0.714,0.114,7.25,67,2,7.444,22.333,170.73501577287067,147.5,7.917,137.67,170.73501577287067,115,0,0,1
548320,45,0,8,0,16,36,RR,KKR,Eden Gardens,2012,2012-04-13,7.5,8,0.444,0.222,45.0,40,3,4.444,10.0,194.0,177.5,8.5,150.67,143.0,131,0,0,1
548321,50,1,6,1,13,36,SRH,DC,Feroz Shah Kotla,2012,2012-04-19,8.333,7,0.361,0.194,25.0,70,3,7.778,17.5,170.73501577287067,167.0,6.5,177.33,158.17,157,0,0,1
548322,43,0,4,2,17,36,CSK,PWI,Subrata Roy Sahara Stadium,2012,2012-04-14,7.167,6,0.472,0.167,43.0,71,3,7.889,17.75,170.73501577287067,138.33,8.5,138.33,170.73501577287067,155,0,0,1
548323,26,2,2,0,21,33,PBKS,KKR,Eden Gardens,2012,2012-04-15,4.333,2,0.636,0.061,8.667,61,2,6.778,20.333,194.0,170.73501577287067,6.833,188.33,157.0,134,0,0,1
548324,43,0,5,2,19,36,RR,RCB,M Chinnaswamy Stadium,2012,2012-04-15,7.167,7,0.528,0.194,43.0,70,1,7.778,35.0,170.73501577287067,162.0,8.5,162.0,141.25,195,0,0,1
548325,23,2,3,0,26,34,MI,DC,Wankhede Stadium,2012,2012-04-16,3.833,3,0.765,0.088,7.667,56,5,6.222,9.333,178.5,170.73501577287067,7.389,169.33,171.14,92,0,0,1
548326,57,0,8,0,16,36,SRH,RR,Sawai Mansingh Stadium,2012,2012-04-17,9.5,8,0.444,0.222,57.0,62,2,6.889,20.667,163.43,170.73501577287067,8.5,157.0,157.67,196,0,0,1
548327,58,0,7,2,14,36,PWI,RCB,M Chinnaswamy Stadium,2012,2012-04-17,9.667,9,0.389,0.25,58.0,76,3,8.444,19.0,170.73501577287067,136.67,8.583,136.67,170.73501577287067,182,0,0,1
548328,45,1,5,0,13,35,PBKS,KKR,"Punjab Cricket Association Stadium, Mohali",2012,2012-04-18,7.5,5,0.371,0.143,22.5,44,3,4.889,11.0,170.73501577287067,170.73501577287067,6.0,178.67,151.25,124,0,0,1
548329,33,2,7,0,24,36,SRH,DC,"Rajiv Gandhi International Stadium, Uppal",2012,2012-05-10,5.5,7,0.667,0.194,11.0,94,0,10.444,94.0,170.73501577287067,157.62,7.125,155.67,158.0,187,0,0,1
548330,42,0,5,1,18,36,CSK,PWI,"MA Chidambaram Stadium, Chepauk",2012,2012-04-19,7.0,6,0.5,0.167,42.0,73,0,8.111,73.0,170.73501577287067,142.5,8.5,152.67,148.5,164,0,0,1
548331,41,2,6,0,18,36,PBKS,RCB,"Punjab Cricket Association Stadium, Mohali",2012,2012-04-20,6.833,6,0.5,0.167,13.667,64,3,7.111,16.0,170.73501577287067,129.0,8.944,163.33,205.33,163,0,0,1
548332,41,1,6,1,21,36,RR,CSK,"MA Chidambaram Stadium, Chepauk",2012,2012-04-21,6.833,7,0.583,0.194,20.5,66,1,7.333,33.0,170.73501577287067,170.25,8.5,163.33,168.75,146,0,0,1
548333,52,1,6,2,18,35,PWI,DC,Feroz Shah Kotla,2012,2012-04-21,8.667,8,0.514,0.229,26.0,73,1,8.111,36.5,170.73501577287067,148.0,6.867,154.33,170.73501577287067,192,0,0,1
548334,39,0,6,0,19,35,MI,PBKS,Wankhede Stadium,2012,2012-04-22,6.5,6,0.543,0.171,39.0,90,2,10.0,30.0,178.5,144.5,6.889,140.67,156.5,163,0,0,1
548335,39,1,4,1,16,35,SRH,KKR,Barabati Stadium,2012,2012-04-22,6.5,5,0.457,0.143,19.5,59,2,6.556,19.667,170.73501577287067,163.67,6.375,163.67,170.73501577287067,126,0,0,1
548336,37,1,5,0,18,34,RCB,RR,Sawai Mansingh Stadium,2012,2012-04-23,6.167,5,0.529,0.147,18.5,70,2,7.778,23.333,163.43,181.0,9.25,182.33,124.33,189,0,0,1
548337,28,2,2,1,20,36,PWI,DC,Subrata Roy Sahara Stadium,2012,2012-04-24,4.667,3,0.556,0.083,9.333,67,0,7.444,67.0,170.73501577287067,156.8,7.167,163.0,189.5,146,0,0,1
548339,44,1,7,0,17,36,PBKS,MI,"Punjab Cricket Association Stadium, Mohali",2012,2012-04-25,7.333,7,0.472,0.194,22.0,56,2,6.222,18.667,170.73501577287067,140.33,6.5,140.33,155.83,168,0,0,1
548341,50,2,5,2,16,33,SRH,PWI,Subrata Roy Sahara Stadium,2012,2012-04-26,8.333,7,0.485,0.212,16.667,72,1,8.0,36.0,170.73501577287067,154.25,7.083,159.67,170.73501577287067,177,0,0,1
548342,54,0,8,1,16,35,DC,MI,Feroz Shah Kotla,2012,2012-04-27,9.0,9,0.457,0.257,54.0,99,1,11.0,49.5,170.73501577287067,170.73501577287067,6.708,152.33,170.73501577287067,207,0,0,1
548343,43,0,5,1,23,36,PBKS,CSK,"MA Chidambaram Stadium, Chepauk",2012,2012-04-28,7.167,6,0.639,0.167,43.0,78,2,8.667,26.0,170.73501577287067,147.25,8.083,151.67,152.0,156,0,0,1
548344,46,0,7,0,20,36,KKR,RCB,Eden Gardens,2012,2012-04-28,7.667,7,0.556,0.194,46.0,88,1,9.778,44.0,194.0,131.0,8.417,136.33,165.57,190,0,0,1
548345,42,2,5,1,19,35,DC,RR,Feroz Shah Kotla,2012,2012-04-29,7.0,6,0.543,0.171,14.0,63,2,7.0,21.0,170.73501577287067,170.73501577287067,8.222,168.0,157.6,152,0,0,1
548346,38,1,3,1,19,34,SRH,MI,Wankhede Stadium,2012,2012-04-29,6.333,4,0.559,0.118,19.0,44,5,4.889,7.333,178.5,158.8,7.167,153.33,146.5,100,0,0,1
548347,43,2,3,2,19,36,CSK,KKR,"MA Chidambaram Stadium, Chepauk",2012,2012-04-30,7.167,5,0.528,0.139,14.333,55,2,6.111,18.333,170.73501577287067,146.8,6.4,143.0,168.33,139,0,0,1
548348,33,2,4,0,19,35,SRH,PWI,Barabati Stadium,2012,2012-05-01,5.5,4,0.543,0.114,11.0,77,0,8.556,77.0,170.73501577287067,149.0,7.5,134.33,156.5,186,0,0,1
548349,56,0,10,0,14,35,RR,DC,Sawai Mansingh Stadium,2012,2012-05-01,9.333,10,0.4,0.286,56.0,48,5,5.333,8.0,163.43,165.4,6.81,157.33,154.0,141,0,0,1
548350,33,1,4,1,20,36,RCB,PBKS,M Chinnaswamy Stadium,2012,2012-05-02,5.5,5,0.556,0.139,16.5,89,0,9.889,89.0,170.73501577287067,183.67,6.792,183.67,157.4,158,0,0,1
548351,42,0,6,1,21,35,MI,PWI,Subrata Roy Sahara Stadium,2012,2012-05-03,7.0,7,0.6,0.2,42.0,50,5,5.556,8.333,170.73501577287067,150.67,7.0,150.67,170.73501577287067,120,0,0,1
548352,56,1,6,2,17,35,CSK,SRH,"MA Chidambaram Stadium, Chepauk",2012,2012-05-04,9.333,8,0.486,0.229,28.0,68,3,7.556,17.0,170.73501577287067,145.5,8.5,152.67,160.71,160,0,0,1
548353,68,0,5,3,18,35,KKR,PWI,Eden Gardens,2012,2012-05-05,11.333,8,0.514,0.229,68.0,53,2,5.889,17.667,194.0,150.67,7.0,150.67,170.73501577287067,150,0,0,1
548354,64,1,10,1,14,35,RR,PBKS,"Punjab Cricket Association Stadium, Mohali",2012,2012-05-05,10.667,11,0.4,0.314,32.0,62,2,6.889,20.667,170.73501577287067,161.33,6.533,160.67,195.0,177,0,0,1
548355,52,1,4,3,18,36,CSK,MI,Wankhede Stadium,2012,2012-05-06,8.667,7,0.5,0.194,26.0,71,2,7.889,23.667,178.5,147.57,7.028,154.33,164.83,173,0,0,1
548356,46,0,6,1,18,35,SRH,RCB,M Chinnaswamy Stadium,2012,2012-05-06,7.667,7,0.514,0.2,46.0,71,1,7.889,35.5,170.73501577287067,154.29,8.267,154.33,150.0,181,0,0,1
548357,50,2,5,2,16,35,DC,KKR,Feroz Shah Kotla,2012,2012-05-07,8.333,7,0.457,0.2,16.667,58,2,6.444,19.333,170.73501577287067,179.5,6.528,166.33,170.73501577287067,153,0,0,1
548358,35,1,2,0,20,32,PWI,RR,Subrata Roy Sahara Stadium,2012,2012-05-08,5.833,2,0.625,0.062,17.5,56,3,6.222,14.0,170.73501577287067,155.0,7.917,173.33,170.73501577287067,125,0,0,1
548359,51,0,6,1,16,35,PBKS,SRH,"Rajiv Gandhi International Stadium, Uppal",2012,2012-05-08,8.5,7,0.457,0.2,51.0,78,3,8.667,19.5,170.73501577287067,149.0,8.333,162.33,154.0,170,0,0,1
548360,25,2,3,0,27,35,MI,RCB,Wankhede Stadium,2012,2012-05-09,4.167,3,0.771,0.086,8.333,70,2,7.778,23.333,178.5,143.0,8.167,125.0,166.17,141,0,0,1
548361,28,2,4,0,27,34,RR,CSK,Sawai Mansingh Stadium,2012,2012-05-10,4.667,4,0.794,0.118,9.333,61,2,6.778,20.333,163.43,163.57,7.778,154.67,164.2,126,0,0,1
548362,66,0,3,6,17,35,RCB,PWI,Subrata Roy Sahara Stadium,2012,2012-05-11,11.0,9,0.486,0.257,66.0,63,2,7.0,21.0,170.73501577287067,177.25,7.722,184.0,170.73501577287067,173,0,0,1
548363,49,1,7,2,20,36,MI,KKR,Eden Gardens,2012,2012-05-12,8.167,9,0.556,0.25,24.5,83,0,9.222,83.0,194.0,142.6,6.786,141.33,156.0,182,0,0,1
548364,27,4,3,0,24,35,DC,CSK,"MA Chidambaram Stadium, Chepauk",2012,2012-05-12,4.5,3,0.686,0.086,5.4,51,1,5.667,25.5,170.73501577287067,170.67,7.0,170.67,187.0,114,0,0,1
548365,45,1,7,1,20,36,RR,PWI,Sawai Mansingh Stadium,2012,2012-05-13,7.5,8,0.556,0.222,22.5,81,1,9.0,40.5,163.43,158.88,8.19,148.0,170.73501577287067,170,0,0,1
548366,47,1,4,1,16,34,SRH,PBKS,"Punjab Cricket Association Stadium, Mohali",2012,2012-05-13,7.833,5,0.471,0.147,23.5,79,1,8.778,39.5,170.73501577287067,160.89,7.222,184.67,173.33,190,0,0,1
548367,40,2,2,2,26,35,RCB,MI,M Chinnaswamy Stadium,2012,2012-05-14,6.667,4,0.743,0.114,13.333,67,2,7.444,22.333,170.73501577287067,176.4,7.262,173.33,149.0,171,0,0,1
548368,50,0,6,2,17,35,KKR,CSK,Eden Gardens,2012,2012-05-14,8.333,8,0.486,0.229,50.0,62,3,6.889,15.5,194.0,150.5,6.5,168.33,143.0,158,0,0,1
548369,47,2,9,0,21,33,PBKS,DC,Feroz Shah Kotla,2012,2012-05-15,7.833,9,0.636,0.273,15.667,52,4,5.778,10.4,170.73501577287067,152.5,6.944,164.67,156.0,136,0,0,1
548370,32,2,3,1,21,36,KKR,MI,Wankhede Stadium,2012,2012-05-16,5.333,4,0.583,0.111,10.667,62,3,6.889,15.5,178.5,152.0,7.188,166.0,136.2,140,0,0,1
548371,25,2,4,0,26,35,CSK,PBKS,Himachal Pradesh Cricket Association Stadium,2012,2012-05-17,4.167,4,0.743,0.114,8.333,52,2,5.778,17.333,170.73501577287067,150.75,7.31,157.33,181.25,120,0,0,1
548372,42,1,8,0,24,36,RCB,DC,Feroz Shah Kotla,2012,2012-05-17,7.0,8,0.667,0.222,21.0,95,0,10.556,95.0,170.73501577287067,175.5,7.033,167.33,153.33,215,0,0,1
548373,41,1,6,1,18,36,RR,SRH,"Rajiv Gandhi International Stadium, Uppal",2012,2012-05-18,6.833,7,0.5,0.194,20.5,52,3,5.778,13.0,170.73501577287067,160.11,8.389,157.67,170.73501577287067,126,0,0,1
548374,20,4,2,0,28,36,PBKS,DC,Himachal Pradesh Cricket Association Stadium,2012,2012-05-19,3.333,2,0.778,0.056,4.0,64,1,7.111,32.0,170.73501577287067,150.14,7.03,154.0,149.33,141,0,0,1
548375,27,1,4,0,22,36,KKR,PWI,Subrata Roy Sahara Stadium,2012,2012-05-19,4.5,4,0.611,0.111,13.5,74,1,8.222,37.0,170.73501577287067,150.0,8.104,149.33,170.73501577287067,136,0,0,1
548376,23,3,2,0,23,36,SRH,RCB,"Rajiv Gandhi International Stadium, Uppal",2012,2012-05-20,3.833,2,0.639,0.056,5.75,52,1,5.778,26.0,170.73501577287067,163.8,7.595,186.0,154.43,132,0,0,1
548377,31,2,4,0,25,36,RR,MI,Sawai Mansingh Stadium,2012,2012-05-20,5.167,4,0.694,0.111,10.333,75,2,8.333,25.0,163.43,156.7,6.981,140.67,124.0,162,0,0,1
548378,48,1,5,2,16,35,KKR,DC,Subrata Roy Sahara Stadium,2012,2012-05-22,8.0,7,0.457,0.2,24.0,51,2,5.667,17.0,170.73501577287067,148.0,6.722,144.67,139.33,162,0,0,1
548379,30,2,5,0,24,36,CSK,MI,M Chinnaswamy Stadium,2012,2012-05-23,5.0,5,0.667,0.139,10.0,84,2,9.333,28.0,170.73501577287067,147.33,6.8,151.0,166.0,187,0,0,1
548380,52,0,9,0,15,36,CSK,DC,"MA Chidambaram Stadium, Chepauk",2012,2012-05-25,8.667,9,0.417,0.25,52.0,110,2,12.222,36.667,170.73501577287067,151.3,6.821,160.0,146.0,222,0,0,1
548381,54,0,4,3,15,35,CSK,KKR,"MA Chidambaram Stadium, Chepauk",2012,2012-05-27,9.0,7,0.429,0.2,54.0,82,1,9.111,41.0,170.73501577287067,157.73,6.958,176.33,161.0,190,0,0,1
597998,45,2,7,0,20,35,DC,KKR,Eden Gardens,2013,2013-04-03,7.5,7,0.571,0.2,15.0,51,3,5.667,12.75,194.0,170.73501577287067,8.5,139.67,165.0,128,0,0,1
597999,31,2,4,1,26,36,RCB,MI,M Chinnaswamy Stadium,2013,2013-04-04,5.167,5,0.722,0.139,10.333,69,3,7.667,17.25,170.73501577287067,170.73501577287067,8.5,186.33,154.5,156,0,0,1
598000,38,1,5,0,20,35,SRH,PWI,"Rajiv Gandhi International Stadium, Uppal",2013,2013-04-05,6.333,5,0.571,0.143,19.0,49,3,5.444,12.25,170.73501577287067,170.73501577287067,8.5,169.67,166.33,126,0,0,1
598001,45,1,6,0,19,35,RR,DC,Feroz Shah Kotla,2013,2013-04-06,7.5,6,0.543,0.171,22.5,82,1,9.111,41.0,170.73501577287067,170.73501577287067,8.5,152.67,150.75,165,0,0,1
598002,41,2,3,1,16,34,MI,CSK,"MA Chidambaram Stadium, Chepauk",2013,2013-04-06,6.833,4,0.471,0.118,13.667,55,4,6.111,11.0,170.73501577287067,170.73501577287067,8.5,147.67,158.67,148,0,0,1
598003,24,2,3,0,22,35,PWI,PBKS,Subrata Roy Sahara Stadium,2013,2013-04-07,4.0,3,0.629,0.086,8.0,40,4,4.444,8.0,170.73501577287067,170.73501577287067,8.5,154.33,140.5,99,0,0,1
598005,35,1,5,0,22,35,RR,KKR,Sawai Mansingh Stadium,2013,2013-04-08,5.833,5,0.629,0.143,17.5,65,2,7.222,21.667,163.43,170.73501577287067,8.5,151.0,141.5,144,0,0,1
598006,38,2,5,1,23,34,MI,DC,Wankhede Stadium,2013,2013-04-09,6.333,6,0.676,0.176,12.667,100,1,11.111,50.0,178.5,170.73501577287067,8.5,157.0,161.25,209,0,0,1
598007,43,2,7,0,18,35,PBKS,CSK,"Punjab Cricket Association Stadium, Mohali",2013,2013-04-10,7.167,7,0.514,0.2,14.333,73,2,8.111,24.333,170.73501577287067,170.73501577287067,8.5,149.0,153.33,138,0,0,1
598008,44,1,7,0,20,36,KKR,RCB,M Chinnaswamy Stadium,2013,2013-04-11,7.333,7,0.556,0.194,22.0,69,2,7.667,23.0,170.73501577287067,170.73501577287067,8.5,146.0,168.62,154,0,0,1
598009,44,1,7,0,18,35,RR,PWI,Subrata Roy Sahara Stadium,2013,2013-04-11,7.333,7,0.514,0.2,22.0,58,3,6.444,14.5,170.73501577287067,154.5,8.5,157.0,170.73501577287067,145,0,0,1
598010,29,3,3,1,24,34,DC,SRH,Feroz Shah Kotla,2013,2013-04-12,4.833,4,0.706,0.118,7.25,43,2,4.778,14.333,170.73501577287067,170.73501577287067,8.5,131.67,173.33,114,0,0,1
598011,48,0,8,1,20,36,MI,PWI,Wankhede Stadium,2013,2013-04-13,8.0,9,0.556,0.25,48.0,67,2,7.444,22.333,178.5,178.5,6.833,179.67,140.0,183,0,0,1
598012,33,1,5,0,22,36,RCB,CSK,"MA Chidambaram Stadium, Chepauk",2013,2013-04-13,5.5,5,0.611,0.139,16.5,82,1,9.111,41.0,170.73501577287067,170.73501577287067,7.0,180.67,167.6,165,0,0,1
598013,48,0,7,0,16,33,KKR,SRH,Eden Gardens,2013,2013-04-14,8.0,7,0.485,0.212,48.0,61,2,6.778,20.333,194.0,170.73501577287067,8.5,150.67,162.71,180,0,0,1
598014,34,3,3,1,23,35,PBKS,RR,Sawai Mansingh Stadium,2013,2013-04-14,5.667,4,0.657,0.114,8.5,54,3,6.0,13.5,163.43,170.73501577287067,8.5,138.33,174.8,124,0,0,1
598015,48,0,9,0,18,35,PWI,CSK,"MA Chidambaram Stadium, Chepauk",2013,2013-04-15,8.0,9,0.514,0.257,48.0,58,2,6.444,19.333,170.73501577287067,170.73501577287067,6.5,123.33,170.73501577287067,159,0,0,1
598016,35,1,6,0,21,36,PBKS,KKR,"Punjab Cricket Association Stadium, Mohali",2013,2013-04-16,5.833,6,0.583,0.167,17.5,64,5,7.111,10.667,170.73501577287067,131.0,6.667,134.33,145.8,157,0,0,1
598018,25,4,3,0,26,36,SRH,PWI,Maharashtra Cricket Association Stadium,2013,2013-04-17,4.167,3,0.722,0.083,5.0,50,3,5.556,12.5,170.73501577287067,143.5,7.222,139.67,156.25,119,0,0,1
598019,58,0,8,2,20,34,RR,MI,Sawai Mansingh Stadium,2013,2013-04-17,9.667,10,0.588,0.294,58.0,67,2,7.444,22.333,163.43,151.33,8.5,151.33,136.67,179,0,0,1
598020,39,1,6,0,19,36,CSK,DC,Feroz Shah Kotla,2013,2013-04-18,6.5,6,0.528,0.167,19.5,77,1,8.556,38.5,170.73501577287067,170.73501577287067,6.917,199.67,158.67,169,0,0,1
598021,36,1,5,0,20,36,PBKS,SRH,"Rajiv Gandhi International Stadium, Uppal",2013,2013-04-19,6.0,5,0.556,0.139,18.0,56,3,6.222,14.0,170.73501577287067,139.67,6.417,139.67,159.33,123,0,0,1
598022,47,1,8,0,17,34,KKR,CSK,Eden Gardens,2013,2013-04-20,7.833,8,0.5,0.235,23.5,42,5,4.667,7.0,194.0,167.0,6.875,165.33,148.0,119,0,0,1
598023,31,2,5,1,25,36,RR,RCB,M Chinnaswamy Stadium,2013,2013-04-20,5.167,6,0.694,0.167,10.333,70,2,7.778,23.333,170.73501577287067,158.25,7.0,156.0,152.0,117,0,0,1
598024,24,2,3,0,21,36,MI,DC,Feroz Shah Kotla,2013,2013-04-21,4.0,3,0.583,0.083,8.0,83,0,9.222,83.0,170.73501577287067,180.0,6.778,180.0,166.56,161,0,0,1
598025,48,0,5,1,18,35,PWI,PBKS,"Punjab Cricket Association Stadium, Mohali",2013,2013-04-21,8.0,6,0.514,0.171,48.0,76,1,8.444,38.0,170.73501577287067,129.0,8.5,127.67,126.67,185,0,0,1
598026,55,0,5,2,12,36,RR,CSK,"MA Chidambaram Stadium, Chepauk",2013,2013-04-22,9.167,7,0.333,0.194,55.0,76,3,8.444,19.0,170.73501577287067,150.0,7.067,147.0,157.83,185,0,0,1
598027,62,0,8,4,23,36,RCB,PWI,M Chinnaswamy Stadium,2013,2013-04-23,10.333,12,0.639,0.333,62.0,134,1,14.889,67.0,170.73501577287067,160.5,6.458,178.67,177.0,263,0,0,1
598028,53,0,7,2,18,35,PBKS,DC,Himachal Pradesh Cricket Association Stadium,2013,2013-05-16,8.833,9,0.514,0.257,53.0,50,2,5.556,16.667,170.73501577287067,139.33,6.429,139.0,147.25,171,0,0,1
598029,61,1,8,2,15,36,KKR,MI,Eden Gardens,2013,2013-04-24,10.167,10,0.417,0.278,30.5,51,2,5.667,17.0,194.0,151.0,7.417,151.0,136.83,159,0,0,1
598030,40,3,5,0,21,35,SRH,CSK,"MA Chidambaram Stadium, Chepauk",2013,2013-04-25,6.667,5,0.6,0.143,10.0,56,1,6.222,28.0,170.73501577287067,135.33,7.417,135.33,168.5,159,0,0,1
598031,45,0,8,0,18,35,PBKS,KKR,Eden Gardens,2013,2013-04-26,7.5,8,0.514,0.229,45.0,66,4,7.333,13.2,194.0,135.5,6.389,134.67,147.67,149,0,0,1
598032,29,5,5,0,26,36,SRH,RR,Sawai Mansingh Stadium,2013,2013-04-27,4.833,5,0.722,0.139,4.833,63,2,7.0,21.0,163.43,141.25,8.5,146.33,163.14,144,0,0,1
598033,52,1,8,0,18,34,MI,RCB,Wankhede Stadium,2013,2013-04-27,8.667,8,0.529,0.235,26.0,91,2,10.111,30.333,178.5,175.25,6.389,184.33,162.57,194,0,0,1
598034,67,0,10,2,16,36,CSK,KKR,"MA Chidambaram Stadium, Chepauk",2013,2013-04-28,11.167,12,0.444,0.333,67.0,84,1,9.333,42.0,170.73501577287067,170.73501577287067,6.667,193.67,166.8,200,0,0,1
598035,37,1,4,1,29,35,DC,PWI,Shaheed Veer Narayan Singh International Stadium,2013,2013-04-28,6.167,5,0.829,0.143,18.5,64,3,7.111,16.0,170.73501577287067,120.67,7.233,120.67,170.73501577287067,164,0,0,1
598036,55,1,7,1,17,35,RCB,RR,Sawai Mansingh Stadium,2013,2013-04-29,9.167,8,0.486,0.229,27.5,61,2,6.778,20.333,163.43,194.67,5.25,194.67,140.5,171,0,0,1
598037,36,1,3,1,21,35,MI,PBKS,Wankhede Stadium,2013,2013-04-29,6.0,4,0.6,0.114,18.0,66,2,7.333,22.0,178.5,179.0,6.222,179.33,158.67,174,0,0,1
598038,29,2,3,1,22,35,CSK,PWI,Subrata Roy Sahara Stadium,2013,2013-04-30,4.833,4,0.629,0.114,9.667,73,0,8.111,73.0,170.73501577287067,184.5,7.056,186.33,153.67,164,0,0,1
598039,41,2,5,1,25,35,MI,SRH,"Rajiv Gandhi International Stadium, Uppal",2013,2013-05-01,6.833,6,0.714,0.171,13.667,48,2,5.333,16.0,170.73501577287067,178.17,6.278,176.33,170.8,129,0,0,1
598040,37,3,5,1,25,36,KKR,DC,Shaheed Veer Narayan Singh International Stadium,2013,2013-05-01,6.167,6,0.694,0.167,9.25,46,2,5.111,15.333,170.73501577287067,153.0,6.083,152.67,142.57,136,0,0,1
598041,36,1,3,1,19,35,CSK,PBKS,"MA Chidambaram Stadium, Chepauk",2013,2013-05-02,6.0,4,0.543,0.114,18.0,80,2,8.889,26.667,170.73501577287067,177.67,6.167,177.67,169.0,186,0,0,1
598042,30,0,3,0,20,35,RCB,PWI,Subrata Roy Sahara Stadium,2013,2013-05-02,5.0,3,0.571,0.086,30.0,89,2,9.889,29.667,170.73501577287067,188.75,6.738,199.67,205.67,187,0,0,1
598043,34,2,4,0,22,36,RR,KKR,Eden Gardens,2013,2013-05-03,5.667,4,0.611,0.111,11.333,68,2,7.556,22.667,194.0,155.83,7.567,160.33,141.78,132,0,0,1
598044,26,1,2,1,26,36,DC,SRH,"Rajiv Gandhi International Stadium, Uppal",2013,2013-05-04,4.333,3,0.722,0.083,13.0,44,5,4.889,7.333,170.73501577287067,131.5,6.417,132.67,158.5,80,0,0,1
598045,31,1,5,0,20,36,RCB,PBKS,M Chinnaswamy Stadium,2013,2013-05-14,5.167,5,0.556,0.139,15.5,80,0,8.889,80.0,170.73501577287067,178.75,6.643,162.67,162.14,174,0,0,1
598046,32,0,3,1,27,36,MI,CSK,Wankhede Stadium,2013,2013-05-05,5.333,4,0.75,0.111,32.0,50,4,5.556,10.0,178.5,171.14,7.31,165.67,156.0,139,0,0,1
598047,61,0,10,0,16,36,PWI,RR,Sawai Mansingh Stadium,2013,2013-05-05,10.167,10,0.444,0.278,61.0,64,2,7.111,21.333,163.43,147.67,6.556,147.67,134.0,178,0,0,1
598048,40,1,6,0,16,36,SRH,RCB,M Chinnaswamy Stadium,2013,2013-04-09,6.667,6,0.444,0.167,20.0,58,2,6.444,19.333,170.73501577287067,170.73501577287067,8.5,149.33,151.62,161,0,0,1
598049,42,2,7,0,23,36,DC,RR,Sawai Mansingh Stadium,2013,2013-05-07,7.0,7,0.639,0.194,14.0,59,2,6.556,19.667,163.43,121.2,7.458,121.33,156.67,154,0,0,1
598050,41,0,7,0,23,36,MI,KKR,Wankhede Stadium,2013,2013-05-07,6.833,7,0.639,0.194,41.0,65,2,7.222,21.667,178.5,167.12,7.25,147.33,162.5,170,0,0,1
598051,50,1,5,3,20,36,CSK,SRH,"Rajiv Gandhi International Stadium, Uppal",2013,2013-05-08,8.333,8,0.556,0.222,25.0,86,0,9.556,86.0,170.73501577287067,179.75,6.0,183.33,160.62,223,0,0,1
598052,37,1,6,0,18,36,PBKS,RR,"Punjab Cricket Association Stadium, Mohali",2013,2013-05-09,6.167,6,0.5,0.167,18.5,70,2,7.778,23.333,170.73501577287067,138.2,7.367,143.0,166.33,145,0,0,1
598053,50,1,8,0,16,36,KKR,PWI,Subrata Roy Sahara Stadium,2013,2013-05-09,8.333,8,0.444,0.222,25.0,46,3,5.111,11.5,170.73501577287067,149.6,6.521,138.0,143.0,152,0,0,1
598054,40,2,7,0,23,36,RCB,DC,Feroz Shah Kotla,2013,2013-05-10,6.667,7,0.639,0.194,13.333,59,1,6.556,29.5,170.73501577287067,188.67,6.1,182.67,168.75,183,0,0,1
598055,36,2,5,0,20,36,PWI,MI,Subrata Roy Sahara Stadium,2013,2013-05-11,6.0,5,0.556,0.139,12.0,52,3,5.778,13.0,170.73501577287067,155.25,8.333,174.0,123.5,112,0,0,1
598056,37,2,5,1,22,36,SRH,PBKS,"Punjab Cricket Association Stadium, Mohali",2013,2013-05-11,6.167,6,0.611,0.167,12.333,61,4,6.778,12.2,170.73501577287067,141.8,6.722,140.67,175.71,150,0,0,1
598057,22,1,2,0,22,36,RCB,KKR,JSCA International Stadium Complex,2013,2013-05-12,3.667,2,0.611,0.056,11.0,62,2,6.889,20.667,170.73501577287067,187.86,7.19,186.67,170.73501577287067,115,0,0,1
598058,37,0,5,0,23,34,CSK,RR,Sawai Mansingh Stadium,2013,2013-05-12,6.167,5,0.676,0.147,37.0,63,3,7.0,15.75,163.43,188.4,7.167,191.0,175.6,141,0,0,1
598059,40,2,5,1,20,36,DC,PBKS,Feroz Shah Kotla,2013,2013-04-23,6.667,6,0.556,0.167,13.333,50,4,5.556,10.0,170.73501577287067,121.0,6.0,118.67,155.0,120,0,0,1
598060,52,1,7,1,21,36,SRH,MI,Wankhede Stadium,2013,2013-05-13,8.667,8,0.583,0.222,26.0,79,1,8.778,39.5,178.5,143.17,7.75,151.0,137.2,178,0,0,1
598061,42,1,3,2,16,36,PWI,KKR,JSCA International Stadium Complex,2013,2013-05-15,7.0,5,0.444,0.139,21.0,70,1,7.778,35.0,170.73501577287067,146.6,6.75,158.33,170.73501577287067,170,0,0,1
598062,47,0,5,1,17,35,CSK,DC,"MA Chidambaram Stadium, Chepauk",2013,2013-05-14,7.833,6,0.486,0.171,47.0,62,3,6.889,15.5,170.73501577287067,180.5,6.194,183.33,160.14,168,0,0,1
598063,49,1,3,4,22,34,MI,RR,Wankhede Stadium,2013,2013-05-15,8.167,7,0.647,0.206,24.5,83,2,9.222,27.667,178.5,167.44,7.024,146.0,159.17,166,0,0,1
598064,58,0,8,2,16,35,RCB,PBKS,"Punjab Cricket Association Stadium, Mohali",2013,2013-05-06,9.667,10,0.457,0.286,58.0,75,1,8.333,37.5,170.73501577287067,188.4,6.133,207.0,157.5,190,0,0,1
598065,21,3,1,0,24,35,SRH,RR,"Rajiv Gandhi International Stadium, Uppal",2013,2013-05-17,3.5,1,0.686,0.029,5.25,69,1,7.667,34.5,170.73501577287067,148.14,7.167,157.33,160.75,136,0,0,1
598066,35,2,7,0,24,36,PBKS,MI,Himachal Pradesh Cricket Association Stadium,2013,2013-05-18,5.833,7,0.667,0.194,11.667,96,0,10.667,96.0,170.73501577287067,143.86,7.933,155.0,157.57,183,0,0,1
598067,40,1,4,1,19,35,PWI,DC,Subrata Roy Sahara Stadium,2013,2013-05-19,6.667,5,0.543,0.143,20.0,67,3,7.444,16.75,170.73501577287067,150.5,6.729,153.33,175.0,172,0,0,1
598068,76,1,6,6,14,33,RCB,CSK,M Chinnaswamy Stadium,2013,2013-05-18,12.667,12,0.424,0.364,38.0,30,1,3.333,15.0,170.73501577287067,178.22,7.062,157.33,167.17,106,0,0,1
598069,33,1,3,0,24,36,KKR,SRH,"Rajiv Gandhi International Stadium, Uppal",2013,2013-05-19,5.5,3,0.667,0.083,16.5,56,2,6.222,18.667,170.73501577287067,150.0,6.389,149.0,164.88,130,0,0,1
598070,47,0,7,0,15,35,CSK,MI,Feroz Shah Kotla,2013,2013-05-21,7.833,7,0.429,0.2,47.0,78,1,8.667,39.0,170.73501577287067,178.71,7.583,177.33,168.62,192,0,0,1
598071,27,2,4,0,23,36,SRH,RR,Feroz Shah Kotla,2013,2013-05-22,4.5,4,0.639,0.111,9.0,50,1,5.556,25.0,170.73501577287067,146.62,6.759,154.67,158.0,132,0,0,1
598072,42,0,8,0,21,36,RR,MI,Eden Gardens,2013,2013-05-24,7.0,8,0.583,0.222,42.0,62,4,6.889,12.4,194.0,152.43,7.619,144.67,147.25,165,0,0,1
598073,34,3,6,0,22,35,MI,CSK,Eden Gardens,2013,2013-05-26,5.667,6,0.629,0.171,8.5,66,1,7.333,33.0,194.0,167.3,7.685,158.33,152.6,148,0,0,1
729279,31,1,1,1,22,36,KKR,MI,Sheikh Zayed Stadium,2014,2014-04-16,5.167,2,0.611,0.056,15.5,79,0,8.778,79.0,162.48,170.73501577287067,8.5,139.33,140.0,163,0,0,1
729281,30,3,2,1,21,36,DC,RCB,Sharjah Cricket Stadium,2014,2014-04-17,5.0,3,0.583,0.083,7.5,52,1,5.778,26.0,159.27,170.73501577287067,8.5,132.67,170.4,145,0,0,1
729283,70,0,7,3,19,34,CSK,PBKS,Sheikh Zayed Stadium,2014,2014-04-18,11.667,10,0.559,0.294,70.0,75,1,8.333,37.5,162.48,170.73501577287067,8.5,167.0,171.83,205,0,0,1
729285,41,1,3,0,18,35,SRH,RR,Sheikh Zayed Stadium,2014,2014-04-18,6.833,3,0.514,0.086,20.5,49,2,5.444,16.333,162.48,170.73501577287067,8.5,148.67,155.4,133,0,0,1
729287,49,1,5,0,18,35,MI,RCB,Dubai International Cricket Stadium,2014,2014-04-19,8.167,5,0.514,0.143,24.5,43,3,4.778,10.75,165.47,170.73501577287067,8.5,161.33,166.5,115,0,0,1
729289,31,2,1,0,26,35,KKR,DC,Dubai International Cricket Stadium,2014,2014-04-19,5.167,1,0.743,0.029,10.333,81,1,9.0,40.5,165.47,170.73501577287067,8.5,148.33,141.75,166,0,0,1
729291,54,1,6,2,19,36,RR,PBKS,Sharjah Cricket Stadium,2014,2014-04-20,9.0,8,0.528,0.222,27.0,89,2,9.889,29.667,159.27,170.73501577287067,8.5,160.67,190.5,191,0,0,1
729293,34,1,3,0,17,35,CSK,DC,Sheikh Zayed Stadium,2014,2014-04-21,5.667,3,0.486,0.086,17.0,77,2,8.556,25.667,162.48,170.73501577287067,8.5,188.33,161.12,177,0,0,1
729295,43,0,6,2,22,35,PBKS,SRH,Sharjah Cricket Stadium,2014,2014-04-22,7.167,8,0.629,0.229,43.0,109,2,12.111,36.333,159.27,170.73501577287067,8.5,166.33,150.25,193,0,0,1
729297,51,1,6,2,17,36,CSK,RR,Dubai International Cricket Stadium,2014,2014-04-23,8.5,8,0.472,0.222,25.5,50,5,5.556,8.333,165.47,191.0,8.5,191.33,169.83,140,0,0,1
729299,42,2,6,0,17,36,KKR,RCB,Sharjah Cricket Stadium,2014,2014-04-24,7.0,6,0.472,0.167,14.0,64,2,7.111,21.333,159.27,164.5,6.583,153.0,167.0,150,0,0,1
729301,55,0,8,1,18,34,SRH,DC,Dubai International Cricket Stadium,2014,2014-04-25,9.167,9,0.529,0.265,55.0,63,1,7.0,31.5,165.47,170.73501577287067,5.417,133.67,161.62,184,0,0,1
729303,31,2,5,0,21,36,MI,CSK,Dubai International Cricket Stadium,2014,2014-04-25,5.167,5,0.583,0.139,10.333,77,0,8.556,77.0,165.47,170.73501577287067,8.5,143.0,151.83,141,0,0,1
729305,22,5,2,0,24,35,RCB,RR,Sheikh Zayed Stadium,2014,2014-04-26,3.667,2,0.686,0.057,3.667,48,5,5.333,8.0,162.48,170.73501577287067,7.667,131.67,146.6,70,0,0,1
729307,51,2,5,2,20,34,PBKS,KKR,Sheikh Zayed Stadium,2014,2014-04-26,8.5,7,0.588,0.206,17.0,60,4,6.667,12.0,162.48,170.73501577287067,8.5,182.33,147.86,132,0,0,1
729309,37,2,4,0,18,35,MI,DC,Sharjah Cricket Stadium,2014,2014-04-27,6.167,4,0.514,0.114,12.333,32,3,3.556,8.0,159.27,128.0,6.667,134.67,166.0,125,0,0,1
729311,37,2,4,0,18,33,SRH,CSK,Sharjah Cricket Stadium,2014,2014-04-27,6.167,4,0.545,0.121,12.333,61,2,6.778,20.333,159.27,158.5,8.5,149.67,165.33,145,0,0,1
729313,44,4,6,2,21,36,RCB,PBKS,Dubai International Cricket Stadium,2014,2014-04-28,7.333,8,0.583,0.222,8.8,54,3,6.0,13.5,165.47,170.73501577287067,10.333,116.67,163.62,124,0,0,1
729317,44,2,6,0,18,32,SRH,MI,Dubai International Cricket Stadium,2014,2014-04-30,7.333,6,0.562,0.188,14.667,73,0,8.111,73.0,165.47,154.0,8.5,154.0,144.0,172,0,0,1
733971,43,1,6,1,19,36,CSK,KKR,JSCA International Stadium Complex,2014,2014-05-02,7.167,7,0.528,0.194,21.5,83,2,9.222,27.667,170.73501577287067,174.0,8.5,174.0,172.33,148,0,0,1
733973,36,2,6,0,25,36,PBKS,MI,Wankhede Stadium,2014,2014-05-03,6.0,6,0.694,0.167,12.0,90,1,10.0,45.0,178.5,162.5,6.25,169.33,160.75,168,0,0,1
733975,46,1,5,1,14,36,DC,RR,Feroz Shah Kotla,2014,2014-05-03,7.667,6,0.389,0.167,23.0,48,2,5.333,16.0,170.73501577287067,170.73501577287067,6.333,126.33,156.29,152,0,0,1
733977,47,2,5,1,19,36,SRH,RCB,M Chinnaswamy Stadium,2014,2014-05-04,7.833,6,0.528,0.167,15.667,59,1,6.556,29.5,170.73501577287067,158.5,6.722,167.0,152.67,155,0,0,1
733979,50,0,6,1,17,35,RR,KKR,"Sardar Patel Stadium, Motera",2014,2014-05-05,8.333,7,0.486,0.2,50.0,66,2,7.333,22.0,170.73501577287067,170.73501577287067,7.833,162.67,140.8,170,0,0,1
733981,46,2,5,2,24,35,DC,CSK,Feroz Shah Kotla,2014,2014-05-05,7.667,7,0.686,0.2,15.333,76,3,8.444,19.0,170.73501577287067,148.5,5.667,150.33,168.75,178,0,0,1
733983,50,1,4,2,22,32,MI,RCB,Wankhede Stadium,2014,2014-05-06,8.333,6,0.688,0.188,25.0,69,3,7.667,17.25,178.5,127.0,7.0,127.0,160.78,187,0,0,1
733985,29,2,4,0,20,36,DC,KKR,Feroz Shah Kotla,2014,2014-05-07,4.833,4,0.556,0.111,9.667,74,2,8.222,24.667,170.73501577287067,158.33,8.0,158.33,152.67,160,0,0,1
733987,38,2,5,1,25,34,PBKS,CSK,Barabati Stadium,2014,2014-05-07,6.333,6,0.735,0.176,12.667,115,0,12.778,115.0,170.73501577287067,164.33,6.333,164.33,149.5,231,0,0,1
733989,50,1,9,0,16,34,SRH,RR,"Sardar Patel Stadium, Motera",2014,2014-05-08,8.333,9,0.471,0.265,25.0,52,4,5.778,10.4,170.73501577287067,157.8,6.667,157.33,153.36,134,0,0,1
733991,64,1,8,0,21,35,PBKS,RCB,M Chinnaswamy Stadium,2014,2014-05-09,10.667,8,0.6,0.229,32.0,76,3,8.444,19.0,170.73501577287067,181.0,7.267,177.0,194.75,198,0,0,1
733995,42,1,4,3,25,36,MI,CSK,Wankhede Stadium,2014,2014-05-10,7.0,7,0.694,0.194,21.0,57,1,6.333,28.5,178.5,142.0,6.333,151.0,150.29,157,0,0,1
733997,49,2,9,0,20,35,PBKS,KKR,Barabati Stadium,2014,2014-05-11,8.167,9,0.571,0.257,16.333,67,2,7.444,22.333,170.73501577287067,184.4,7.208,199.0,145.88,149,0,0,1
733999,31,1,6,0,23,36,RCB,RR,M Chinnaswamy Stadium,2014,2014-05-11,5.167,6,0.639,0.167,15.5,75,2,8.333,25.0,170.73501577287067,97.0,7.0,100.0,133.83,190,0,0,1
734001,43,1,6,1,22,36,SRH,MI,"Rajiv Gandhi International Stadium, Uppal",2014,2014-05-12,7.167,7,0.611,0.194,21.5,60,1,6.667,30.0,170.73501577287067,153.83,6.167,153.67,148.0,157,0,0,1
734003,42,0,4,2,24,35,RR,CSK,JSCA International Stadium Complex,2014,2014-05-13,7.0,6,0.686,0.171,42.0,72,4,8.0,14.4,170.73501577287067,180.5,6.467,175.33,161.71,148,0,0,1
734005,34,1,3,2,22,36,RCB,DC,M Chinnaswamy Stadium,2014,2014-05-13,5.667,5,0.611,0.139,17.0,74,3,8.222,18.5,170.73501577287067,128.0,6.542,128.0,171.6,186,0,0,1
734007,55,0,7,1,19,35,SRH,PBKS,"Rajiv Gandhi International Stadium, Uppal",2014,2014-05-14,9.167,8,0.543,0.229,55.0,72,2,8.0,24.0,170.73501577287067,154.29,9.333,148.67,172.5,205,0,0,1
734009,37,2,3,1,26,35,MI,KKR,Barabati Stadium,2014,2014-05-14,6.167,4,0.743,0.114,12.333,62,1,6.889,31.0,170.73501577287067,145.0,7.4,156.33,164.0,141,0,0,1
734011,52,1,5,2,15,35,RR,DC,"Sardar Patel Stadium, Motera",2014,2014-05-15,8.667,7,0.429,0.2,26.0,89,1,9.889,44.5,170.73501577287067,169.67,6.367,169.67,153.6,201,0,0,1
734013,39,2,4,2,20,35,CSK,RCB,JSCA International Stadium Complex,2014,2014-05-18,6.5,6,0.571,0.171,13.0,68,1,7.556,34.0,170.73501577287067,167.5,7.833,155.0,164.0,138,0,0,1
734015,41,2,6,0,22,36,SRH,KKR,"Rajiv Gandhi International Stadium, Uppal",2014,2014-05-18,6.833,6,0.611,0.167,13.667,68,3,7.556,17.0,170.73501577287067,160.62,7.194,165.33,118.0,142,0,0,1
734017,42,0,6,0,19,36,MI,RR,"Sardar Patel Stadium, Motera",2014,2014-05-19,7.0,6,0.528,0.167,42.0,80,2,8.889,26.667,170.73501577287067,144.33,6.694,161.67,160.14,178,0,0,1
734019,55,1,6,2,19,36,DC,PBKS,Feroz Shah Kotla,2014,2014-05-19,9.167,8,0.528,0.222,27.5,66,1,7.333,33.0,170.73501577287067,158.75,9.292,163.33,148.0,164,0,0,1
734021,25,2,2,0,22,34,RCB,SRH,"Rajiv Gandhi International Stadium, Uppal",2014,2014-05-20,4.167,2,0.647,0.059,8.333,80,1,8.889,40.0,170.73501577287067,142.5,8.5,166.67,170.0,160,0,0,1
734023,35,1,3,3,27,36,CSK,KKR,Eden Gardens,2014,2014-05-20,5.833,6,0.75,0.167,17.5,71,1,7.889,35.5,194.0,161.6,7.143,142.0,168.86,154,0,0,1
734025,48,1,4,4,24,36,PBKS,MI,"Punjab Cricket Association Stadium, Mohali",2014,2014-05-21,8.0,8,0.667,0.222,24.0,59,4,6.556,11.8,170.73501577287067,178.5,6.417,192.67,161.56,156,0,0,1
734027,45,2,5,1,20,35,KKR,RCB,Eden Gardens,2014,2014-05-22,7.5,6,0.571,0.171,15.0,96,1,10.667,48.0,194.0,159.67,7.643,159.67,165.3,195,0,0,1
734029,60,1,8,3,15,36,CSK,SRH,JSCA International Stadium Complex,2014,2014-05-22,10.0,11,0.417,0.306,30.0,57,2,6.333,19.0,170.73501577287067,160.33,5.667,146.67,167.56,185,0,0,1
734031,65,0,9,1,12,33,MI,DC,Wankhede Stadium,2014,2014-05-23,10.833,10,0.364,0.303,65.0,84,4,9.333,16.8,178.5,149.14,6.75,158.67,162.27,173,0,0,1
734033,53,1,8,2,22,36,PBKS,RR,"Punjab Cricket Association Stadium, Mohali",2014,2014-05-23,8.833,10,0.611,0.278,26.5,67,3,7.444,16.75,170.73501577287067,175.29,6.738,167.67,163.29,179,0,0,1
734035,34,3,4,1,21,36,RCB,CSK,M Chinnaswamy Stadium,2014,2014-05-24,5.667,5,0.583,0.139,8.5,67,1,7.444,33.5,170.73501577287067,146.0,6.556,178.67,158.43,154,0,0,1
734037,49,1,8,0,27,34,SRH,KKR,Eden Gardens,2014,2014-05-24,8.167,8,0.794,0.235,24.5,72,3,8.0,18.0,194.0,158.56,6.979,168.0,126.0,160,0,0,1
734039,44,3,8,0,19,35,DC,PBKS,"Punjab Cricket Association Stadium, Mohali",2014,2014-05-25,7.333,8,0.543,0.229,11.0,59,3,6.556,14.75,170.73501577287067,159.8,9.267,167.33,150.67,115,0,0,1
734041,35,1,5,1,24,35,RR,MI,Wankhede Stadium,2014,2014-05-25,5.833,6,0.686,0.171,17.5,99,1,11.0,49.5,178.5,177.5,6.733,173.0,150.8,189,0,0,1
734043,55,1,6,2,13,34,KKR,PBKS,Eden Gardens,2014,2014-05-27,9.167,8,0.382,0.235,27.5,57,4,6.333,11.4,194.0,168.5,8.944,170.33,178.67,163,0,0,1
734045,53,0,8,1,14,34,MI,CSK,Brabourne Stadium,2014,2014-05-28,8.833,9,0.412,0.265,53.0,74,2,8.222,24.667,170.73501577287067,152.12,6.429,164.0,151.12,173,0,0,1
734047,70,0,8,3,15,35,PBKS,CSK,Wankhede Stadium,2014,2014-05-30,11.667,11,0.429,0.314,70.0,97,2,10.778,32.333,178.5,175.75,6.729,161.33,165.8,226,0,0,1
734049,32,2,3,0,21,35,PBKS,KKR,M Chinnaswamy Stadium,2014,2014-06-01,5.333,3,0.6,0.086,10.667,99,0,11.0,99.0,170.73501577287067,181.33,7.111,187.0,146.22,199,0,0,1
829705,37,3,5,1,22,35,MI,KKR,Eden Gardens,2015,2015-04-08,6.167,6,0.629,0.171,9.25,64,0,7.111,64.0,194.0,170.73501577287067,8.5,174.67,160.17,168,0,0,1
829707,59,2,8,0,19,32,CSK,DC,"MA Chidambaram Stadium, Chepauk",2015,2015-04-09,9.833,8,0.594,0.25,19.667,57,2,6.333,19.0,170.73501577287067,170.73501577287067,8.5,159.0,162.89,150,0,0,1
829709,35,3,3,1,22,34,RR,PBKS,Maharashtra Cricket Association Stadium,2015,2015-04-10,5.833,4,0.647,0.118,8.75,75,2,8.333,25.0,170.73501577287067,170.73501577287067,8.5,179.33,190.6,162,0,0,1
829711,49,0,5,2,28,34,CSK,SRH,"MA Chidambaram Stadium, Chepauk",2015,2015-04-11,8.167,7,0.824,0.206,49.0,94,2,10.444,31.333,170.73501577287067,170.73501577287067,8.5,163.0,169.3,209,0,0,1
829713,53,0,7,1,12,36,KKR,RCB,Eden Gardens,2015,2015-04-11,8.833,8,0.333,0.222,53.0,69,2,7.667,23.0,194.0,170.73501577287067,8.5,169.33,168.0,177,0,0,1
829715,51,1,7,1,14,36,DC,RR,Feroz Shah Kotla,2015,2015-04-12,8.5,8,0.389,0.222,25.5,68,1,7.556,34.0,170.73501577287067,170.73501577287067,8.5,146.33,155.75,184,0,0,1
829717,57,0,10,1,18,35,PBKS,MI,Wankhede Stadium,2015,2015-04-12,9.5,11,0.514,0.314,57.0,70,3,7.778,17.5,178.5,170.73501577287067,8.5,201.33,161.0,177,0,0,1
829719,47,1,6,2,27,36,RCB,SRH,M Chinnaswamy Stadium,2015,2015-04-13,7.833,8,0.75,0.222,23.5,67,3,7.444,16.75,170.73501577287067,170.73501577287067,8.5,166.67,167.5,166,0,0,1
829721,31,2,5,0,23,36,MI,RR,"Sardar Patel Stadium, Motera",2015,2015-04-14,5.167,5,0.639,0.139,10.333,52,2,5.778,17.333,170.73501577287067,170.73501577287067,8.5,171.33,162.38,164,0,0,1
829723,69,4,10,3,23,34,CSK,KKR,Eden Gardens,2015,2015-04-30,11.5,13,0.676,0.382,13.8,52,1,5.778,26.0,194.0,170.33,7.167,169.0,163.33,165,0,0,1
829725,41,1,4,2,22,35,PBKS,DC,Maharashtra Cricket Association Stadium,2015,2015-04-15,6.833,6,0.629,0.171,20.5,74,2,8.222,24.667,170.73501577287067,170.73501577287067,8.5,200.67,152.0,165,0,0,1
829727,35,3,5,1,26,36,SRH,RR,Dr. Y.S. Rajasekhara Reddy ACA-VDCA Cricket Stadium,2015,2015-04-16,5.833,6,0.722,0.167,8.75,55,1,6.111,27.5,154.5,170.73501577287067,6.833,169.0,151.75,127,0,0,1
829729,31,3,4,0,26,36,MI,CSK,Wankhede Stadium,2015,2015-04-17,5.167,4,0.722,0.111,7.75,101,2,11.222,33.667,178.5,166.0,8.5,168.33,153.56,183,0,0,1
829731,40,1,4,1,24,35,DC,SRH,Dr. Y.S. Rajasekhara Reddy ACA-VDCA Cricket Stadium,2015,2015-04-18,6.667,5,0.686,0.143,20.0,81,1,9.0,40.5,154.5,170.73501577287067,8.0,154.33,142.8,167,0,0,1
829733,48,3,6,2,19,35,PBKS,KKR,Maharashtra Cricket Association Stadium,2015,2015-04-18,8.0,8,0.543,0.229,12.0,64,2,7.111,21.333,170.73501577287067,171.0,8.5,180.33,151.5,155,0,0,1
829735,39,2,5,1,20,36,CSK,RR,"Sardar Patel Stadium, Motera",2015,2015-04-19,6.5,6,0.556,0.167,13.0,67,2,7.444,22.333,170.73501577287067,179.5,6.5,181.33,165.57,156,0,0,1
829737,48,1,8,0,23,35,MI,RCB,M Chinnaswamy Stadium,2015,2015-04-19,8.0,8,0.657,0.229,24.0,85,1,9.444,42.5,170.73501577287067,171.67,8.5,171.67,163.4,209,0,0,1
829739,34,2,5,0,24,36,DC,KKR,Feroz Shah Kotla,2015,2015-04-20,5.667,5,0.667,0.139,11.333,69,3,7.667,17.25,170.73501577287067,175.5,7.083,155.33,154.5,146,0,0,1
829745,45,1,5,2,23,33,CSK,RCB,M Chinnaswamy Stadium,2015,2015-04-22,7.5,7,0.697,0.212,22.5,89,3,9.889,22.25,170.73501577287067,171.67,8.417,171.67,160.75,181,0,0,1
829747,45,1,3,3,24,36,DC,MI,Feroz Shah Kotla,2015,2015-04-23,7.5,6,0.667,0.167,22.5,92,0,10.222,92.0,170.73501577287067,165.67,8.5,165.67,151.0,190,0,0,1
829749,48,2,6,2,20,36,RR,RCB,"Sardar Patel Stadium, Motera",2015,2015-04-24,8.0,8,0.556,0.222,16.0,52,3,5.778,13.0,170.73501577287067,170.73501577287067,8.111,184.0,146.17,130,0,0,1
829751,46,1,7,0,21,35,MI,SRH,Wankhede Stadium,2015,2015-04-25,7.667,7,0.6,0.2,23.0,66,3,7.333,16.5,178.5,181.0,7.556,185.33,163.83,157,0,0,1
829753,54,1,6,3,20,36,CSK,PBKS,"MA Chidambaram Stadium, Chepauk",2015,2015-04-25,9.0,9,0.556,0.25,27.0,84,1,9.333,42.0,170.73501577287067,174.0,8.5,182.0,176.57,192,0,0,1
829757,38,2,3,1,24,34,DC,RCB,Feroz Shah Kotla,2015,2015-04-26,6.333,4,0.706,0.118,12.667,47,5,5.222,7.833,170.73501577287067,171.75,8.083,167.67,166.17,95,0,0,1
829759,56,2,11,1,19,35,SRH,PBKS,"Punjab Cricket Association Stadium, Mohali",2015,2015-04-27,9.333,12,0.543,0.343,18.667,48,1,5.333,24.0,170.73501577287067,170.73501577287067,7.417,143.0,176.11,150,0,0,1
829761,50,1,7,1,19,36,KKR,DC,Eden Gardens,2015,2015-05-07,8.333,8,0.528,0.222,25.0,59,3,6.556,14.75,194.0,151.67,7.083,151.67,144.44,171,0,0,1
829765,53,1,7,3,23,34,CSK,KKR,"MA Chidambaram Stadium, Chepauk",2015,2015-04-28,8.833,10,0.676,0.294,26.5,46,4,5.111,9.2,170.73501577287067,177.6,6.611,176.33,167.0,134,0,0,1
829767,27,4,4,0,24,35,PBKS,DC,Feroz Shah Kotla,2015,2015-05-01,4.5,4,0.686,0.114,5.4,47,2,5.222,15.667,170.73501577287067,165.67,8.333,165.67,154.17,118,0,0,1
829769,47,1,7,0,18,35,MI,RR,Wankhede Stadium,2015,2015-05-01,7.833,7,0.514,0.2,23.5,73,3,8.111,18.25,178.5,176.2,6.5,183.0,162.56,187,0,0,1
829771,61,1,7,2,15,35,KKR,RCB,M Chinnaswamy Stadium,2015,2015-05-02,10.167,9,0.429,0.257,30.5,50,3,5.556,12.5,170.73501577287067,170.73501577287067,7.733,178.33,168.75,111,0,0,1
829773,76,0,12,1,8,35,SRH,CSK,"Rajiv Gandhi International Stadium, Uppal",2015,2015-05-02,12.667,13,0.229,0.371,76.0,67,3,7.444,16.75,170.73501577287067,138.5,8.5,145.67,160.25,192,0,0,1
829775,51,0,7,1,16,34,MI,PBKS,"Punjab Cricket Association Stadium, Mohali",2015,2015-05-03,8.5,8,0.471,0.235,51.0,72,1,8.0,36.0,170.73501577287067,178.0,8.056,184.33,162.5,172,0,0,1
829777,43,0,6,0,22,35,RR,DC,Brabourne Stadium,2015,2015-05-03,7.167,6,0.629,0.171,43.0,71,1,7.889,35.5,170.73501577287067,146.0,7.056,160.33,161.5,189,0,0,1
829779,37,2,6,0,19,36,CSK,RCB,"MA Chidambaram Stadium, Chepauk",2015,2015-05-04,6.167,6,0.528,0.167,12.333,64,2,7.111,21.333,170.73501577287067,169.57,8.139,163.67,163.0,148,0,0,1
829781,55,0,8,0,16,34,KKR,SRH,Eden Gardens,2015,2015-05-04,9.167,8,0.471,0.235,55.0,56,5,6.222,9.333,194.0,144.0,7.583,150.33,161.0,167,0,0,1
829783,44,2,5,2,22,35,DC,MI,Wankhede Stadium,2015,2015-05-05,7.333,7,0.629,0.2,14.667,51,2,5.667,17.0,178.5,156.4,8.5,143.67,164.0,152,0,0,1
829785,68,0,6,5,19,35,RCB,PBKS,M Chinnaswamy Stadium,2015,2015-05-06,11.333,11,0.543,0.314,68.0,103,1,11.444,51.5,170.73501577287067,170.73501577287067,8.167,160.0,159.22,226,0,0,1
829787,56,1,9,0,19,35,SRH,RR,Brabourne Stadium,2015,2015-05-07,9.333,9,0.543,0.257,28.0,77,2,8.556,25.667,170.73501577287067,156.33,6.767,156.33,149.85,201,0,0,1
829789,44,1,6,1,23,36,CSK,MI,"MA Chidambaram Stadium, Chepauk",2015,2015-05-08,7.333,7,0.639,0.194,22.0,59,2,6.556,19.667,170.73501577287067,166.88,8.111,149.0,171.22,158,0,0,1
829791,45,1,5,2,17,36,PBKS,KKR,Eden Gardens,2015,2015-05-09,7.5,7,0.472,0.194,22.5,89,1,9.889,44.5,194.0,153.75,8.033,146.0,151.82,183,0,0,1
829793,41,2,4,1,20,36,SRH,DC,Shaheed Veer Narayan Singh International Stadium,2015,2015-05-09,6.833,5,0.556,0.139,13.667,58,2,6.444,19.333,170.73501577287067,167.5,7.333,181.0,164.11,163,0,0,1
829795,39,1,5,1,21,36,RCB,MI,Wankhede Stadium,2015,2015-05-10,6.5,6,0.583,0.167,19.5,108,0,12.0,108.0,178.5,196.0,7.917,182.0,154.8,235,0,0,1
829797,36,2,3,2,22,36,CSK,RR,"MA Chidambaram Stadium, Chepauk",2015,2015-05-10,6.0,5,0.611,0.139,12.0,72,0,8.0,72.0,170.73501577287067,165.89,7.194,157.0,164.38,157,0,0,1
829799,56,0,7,2,17,35,SRH,PBKS,"Rajiv Gandhi International Stadium, Uppal",2015,2015-05-11,9.333,9,0.486,0.257,56.0,84,2,9.333,28.0,170.73501577287067,166.6,8.8,185.33,173.5,185,0,0,1
829801,16,1,2,0,27,36,CSK,DC,Shaheed Veer Narayan Singh International Stadium,2015,2015-05-12,2.667,2,0.75,0.056,8.0,67,2,7.444,22.333,170.73501577287067,165.0,7.25,154.33,161.6,119,0,0,1
829803,72,4,6,4,12,36,PBKS,RCB,"Punjab Cricket Association Stadium, Mohali",2015,2015-05-13,12.0,10,0.333,0.278,14.4,34,2,3.778,11.333,170.73501577287067,159.6,7.857,152.0,195.4,106,0,0,1
829805,46,2,5,1,17,36,MI,KKR,Wankhede Stadium,2015,2015-05-14,7.667,6,0.472,0.167,15.333,53,2,5.889,17.667,178.5,177.14,7.944,172.0,161.29,171,0,0,1
829809,41,3,5,1,18,36,PBKS,CSK,"Punjab Cricket Association Stadium, Mohali",2015,2015-05-16,6.833,6,0.5,0.167,10.25,45,3,5.0,11.25,170.73501577287067,150.67,8.917,135.67,175.83,130,0,0,1
829811,66,0,7,2,11,35,RR,KKR,Brabourne Stadium,2015,2015-05-16,11.0,9,0.314,0.257,66.0,80,4,8.889,16.0,170.73501577287067,160.33,7.905,160.33,143.45,199,0,0,1
829815,29,3,3,0,22,35,SRH,MI,"Rajiv Gandhi International Stadium, Uppal",2015,2015-05-17,4.833,3,0.629,0.086,7.25,51,3,5.667,12.75,170.73501577287067,169.67,7.633,183.0,149.12,113,0,0,1
829817,48,0,4,3,23,36,MI,CSK,Wankhede Stadium,2015,2015-05-19,8.0,7,0.639,0.194,48.0,87,2,9.667,29.0,178.5,176.38,8.222,176.67,156.5,187,0,0,1
829819,41,1,4,1,21,35,RCB,RR,Maharashtra Cricket Association Stadium,2015,2015-05-20,6.833,5,0.6,0.143,20.5,72,1,8.0,36.0,170.73501577287067,209.0,7.024,209.0,141.86,180,0,0,1
829821,29,2,2,2,24,36,RCB,CSK,JSCA International Stadium Complex,2015,2015-05-22,4.833,4,0.667,0.111,9.667,61,2,6.778,20.333,170.73501577287067,201.75,8.167,213.67,157.88,139,0,0,1
829823,61,1,8,3,18,35,MI,CSK,Eden Gardens,2015,2015-05-24,10.167,11,0.514,0.314,30.5,85,2,9.444,28.333,194.0,177.56,7.5,176.67,159.27,202,0,0,1
980901,37,4,3,1,29,35,MI,RPS,Wankhede Stadium,2016,2016-04-09,6.167,4,0.829,0.114,7.4,31,2,3.444,10.333,178.5,170.73501577287067,8.5,186.67,170.73501577287067,121,0,0,1
980903,35,4,3,1,25,36,DC,KKR,Eden Gardens,2016,2016-04-10,5.833,4,0.694,0.111,7.0,57,4,6.333,11.4,194.0,170.73501577287067,8.5,145.67,152.8,98,0,0,1
980905,52,0,8,1,15,36,PBKS,GL,"Punjab Cricket Association IS Bindra Stadium, Mohali",2016,2016-04-11,8.667,9,0.417,0.25,52.0,73,4,8.111,14.6,170.73501577287067,170.73501577287067,8.5,139.67,170.73501577287067,161,0,0,1
980907,49,1,6,2,20,36,RCB,SRH,M Chinnaswamy Stadium,2016,2016-04-12,8.167,8,0.556,0.222,24.5,107,0,11.889,107.0,170.73501577287067,170.73501577287067,8.5,184.67,167.2,227,0,0,1
980909,40,1,5,0,17,35,KKR,MI,Eden Gardens,2016,2016-04-13,6.667,5,0.486,0.143,20.0,98,1,10.889,49.0,194.0,170.73501577287067,8.5,149.67,142.88,187,0,0,1
980911,57,1,6,3,13,35,RPS,GL,Saurashtra Cricket Association Stadium,2016,2016-04-14,9.5,9,0.371,0.257,28.5,64,1,7.111,32.0,170.73501577287067,170.73501577287067,8.5,170.73501577287067,170.73501577287067,163,0,0,1
980913,37,1,6,0,21,36,PBKS,DC,Feroz Shah Kotla,2016,2016-04-15,6.167,6,0.583,0.167,18.5,36,5,4.0,6.0,170.73501577287067,170.73501577287067,8.5,132.33,149.0,111,0,0,1
980915,36,3,4,0,24,36,SRH,KKR,"Rajiv Gandhi International Stadium, Uppal",2016,2016-04-16,6.0,4,0.667,0.111,9.0,58,1,6.444,29.0,170.73501577287067,170.73501577287067,8.5,153.67,134.5,142,0,0,1
980917,31,2,5,0,25,34,MI,GL,Wankhede Stadium,2016,2016-04-16,5.167,5,0.735,0.147,10.333,51,3,5.667,12.75,178.5,170.73501577287067,9.083,170.0,170.73501577287067,143,0,0,1
980919,49,1,9,0,19,34,RPS,PBKS,"Punjab Cricket Association IS Bindra Stadium, Mohali",2016,2016-04-17,8.167,9,0.559,0.265,24.5,60,2,6.667,20.0,170.73501577287067,170.73501577287067,8.5,163.0,170.73501577287067,152,0,0,1
980921,63,1,10,1,12,34,RCB,DC,M Chinnaswamy Stadium,2016,2016-04-17,10.5,11,0.353,0.324,31.5,80,1,8.889,40.0,170.73501577287067,170.73501577287067,8.5,182.0,174.0,191,0,0,1
980923,40,2,4,1,22,36,MI,SRH,"Rajiv Gandhi International Stadium, Uppal",2016,2016-04-18,6.667,5,0.611,0.139,13.333,71,2,7.889,23.667,170.73501577287067,132.0,8.5,155.33,162.86,142,0,0,1
980925,41,1,5,0,17,36,PBKS,KKR,"Punjab Cricket Association IS Bindra Stadium, Mohali",2016,2016-04-19,6.833,5,0.472,0.139,20.5,54,4,6.0,10.8,170.73501577287067,136.0,5.917,134.0,154.42,138,0,0,1
980927,49,1,5,2,15,35,RCB,MI,Wankhede Stadium,2016,2016-04-20,8.167,7,0.429,0.2,24.5,63,3,7.0,15.75,178.5,209.0,8.5,185.67,168.17,170,0,0,1
980929,50,1,6,1,14,35,GL,SRH,Saurashtra Cricket Association Stadium,2016,2016-04-21,8.333,7,0.4,0.2,25.0,54,3,6.0,13.5,170.73501577287067,170.73501577287067,7.417,170.73501577287067,170.73501577287067,135,0,0,1
980931,48,1,6,1,15,36,RCB,RPS,Maharashtra Cricket Association Stadium,2016,2016-04-22,8.0,7,0.417,0.194,24.0,80,0,8.889,80.0,170.73501577287067,196.0,8.5,196.0,170.73501577287067,185,0,0,1
980933,41,1,4,1,20,35,DC,MI,Feroz Shah Kotla,2016,2016-04-23,6.833,5,0.571,0.143,20.5,69,2,7.667,23.0,170.73501577287067,170.73501577287067,7.417,115.0,161.0,164,0,0,1
980935,35,2,4,1,22,36,PBKS,SRH,"Rajiv Gandhi International Stadium, Uppal",2016,2016-04-23,5.833,5,0.611,0.139,11.667,68,3,7.556,17.0,170.73501577287067,136.67,7.722,136.67,158.8,143,0,0,1
980937,50,1,8,0,10,36,RCB,GL,Saurashtra Cricket Association Stadium,2016,2016-04-24,8.333,8,0.278,0.222,25.0,65,1,7.222,32.5,170.73501577287067,193.25,7.778,182.0,170.73501577287067,180,0,0,1
980939,31,1,2,1,16,36,RPS,KKR,Maharashtra Cricket Association Stadium,2016,2016-04-24,5.167,3,0.444,0.083,15.5,69,2,7.667,23.0,170.73501577287067,157.5,6.222,157.5,170.73501577287067,160,0,0,1
980941,39,1,6,0,18,36,MI,PBKS,"Punjab Cricket Association IS Bindra Stadium, Mohali",2016,2016-04-25,6.5,6,0.5,0.167,19.5,101,1,11.222,50.5,170.73501577287067,135.33,8.5,135.33,164.4,189,0,0,1
980945,71,0,6,5,11,36,GL,DC,Feroz Shah Kotla,2016,2016-04-27,11.833,11,0.306,0.306,71.0,61,4,6.778,12.2,170.73501577287067,170.73501577287067,8.333,135.0,170.73501577287067,172,0,0,1
980947,59,0,4,2,9,35,KKR,MI,Wankhede Stadium,2016,2016-04-28,9.833,6,0.257,0.171,59.0,67,3,7.444,16.75,178.5,170.73501577287067,7.222,175.0,147.78,174,0,0,1
980949,48,1,7,0,13,36,RPS,GL,Maharashtra Cricket Association Stadium,2016,2016-04-29,8.0,7,0.361,0.194,24.0,87,1,9.667,43.5,170.73501577287067,158.33,7.917,158.33,170.73501577287067,195,0,0,1
980951,37,3,5,0,19,36,DC,KKR,Feroz Shah Kotla,2016,2016-04-30,6.167,5,0.528,0.139,9.25,83,0,9.222,83.0,170.73501577287067,131.0,5.958,138.0,143.67,186,0,0,1
980953,49,1,6,1,20,35,SRH,RCB,"Rajiv Gandhi International Stadium, Uppal",2016,2016-04-30,8.167,7,0.571,0.2,24.5,92,0,10.222,92.0,170.73501577287067,170.73501577287067,8.5,146.67,152.9,194,0,0,1
980955,59,0,7,1,15,36,PBKS,GL,Saurashtra Cricket Association Stadium,2016,2016-05-01,9.833,8,0.417,0.222,59.0,51,5,5.667,8.5,170.73501577287067,138.25,7.933,130.67,170.73501577287067,154,0,0,1
980957,54,1,6,2,17,36,RPS,MI,Maharashtra Cricket Association Stadium,2016,2016-05-01,9.0,8,0.472,0.222,27.0,66,2,7.333,22.0,170.73501577287067,167.5,7.875,169.0,170.73501577287067,159,0,0,1
980959,40,1,3,1,16,36,RCB,KKR,M Chinnaswamy Stadium,2016,2016-05-02,6.667,4,0.444,0.111,20.0,72,2,8.0,24.0,170.73501577287067,190.6,6.0,178.33,125.0,185,0,0,1
980961,35,3,4,1,23,34,GL,DC,Saurashtra Cricket Association Stadium,2016,2016-05-03,5.833,5,0.676,0.147,8.75,64,1,7.111,32.0,170.73501577287067,153.5,9.5,153.5,170.73501577287067,149,0,0,1
980963,40,0,6,0,14,36,KKR,PBKS,Eden Gardens,2016,2016-05-04,6.667,6,0.389,0.167,40.0,81,1,9.0,40.5,194.0,180.5,7.333,177.33,174.75,164,0,0,1
980965,48,2,8,0,18,36,DC,RPS,Feroz Shah Kotla,2016,2016-05-05,8.0,8,0.5,0.222,16.0,64,2,7.111,21.333,170.73501577287067,149.33,7.083,149.33,170.73501577287067,162,0,0,1
980967,26,3,1,2,24,36,GL,SRH,"Rajiv Gandhi International Stadium, Uppal",2016,2016-05-06,4.333,3,0.667,0.083,6.5,59,2,6.556,19.667,170.73501577287067,152.0,7.25,152.0,170.73501577287067,126,0,0,1
980969,60,1,9,2,14,36,RPS,RCB,M Chinnaswamy Stadium,2016,2016-05-07,10.0,11,0.389,0.306,30.0,78,1,8.667,39.0,170.73501577287067,165.8,8.5,171.33,170.73501577287067,191,0,0,1
980971,45,1,6,0,16,35,PBKS,DC,"Punjab Cricket Association IS Bindra Stadium, Mohali",2016,2016-05-07,7.5,6,0.457,0.171,22.5,74,2,8.222,24.667,170.73501577287067,141.4,8.583,145.0,144.25,181,0,0,1
980973,51,0,6,1,12,35,SRH,MI,Dr. Y.S. Rajasekhara Reddy ACA-VDCA Cricket Stadium,2016,2016-05-08,8.5,7,0.343,0.2,51.0,65,2,7.222,21.667,154.5,168.0,8.1,149.67,145.11,177,0,0,1
980975,28,4,4,0,25,35,KKR,GL,Eden Gardens,2016,2016-05-08,4.667,4,0.714,0.114,5.6,70,0,7.778,70.0,194.0,175.0,8.25,175.0,170.73501577287067,158,0,0,1
980977,56,0,8,1,13,36,RCB,PBKS,"Punjab Cricket Association IS Bindra Stadium, Mohali",2016,2016-05-09,9.333,9,0.361,0.25,56.0,57,3,6.333,14.25,170.73501577287067,189.67,7.111,183.33,165.9,175,0,0,1
980979,34,1,2,2,24,36,SRH,RPS,Dr. Y.S. Rajasekhara Reddy ACA-VDCA Cricket Stadium,2016,2016-05-10,5.667,4,0.667,0.111,17.0,62,1,6.889,31.0,154.5,171.0,7.389,171.0,170.73501577287067,137,0,0,1
980981,25,2,2,1,24,36,RCB,MI,M Chinnaswamy Stadium,2016,2016-05-11,4.167,3,0.667,0.083,8.333,66,1,7.333,33.0,170.73501577287067,187.57,8.167,180.0,168.43,151,0,0,1
980983,51,0,5,1,13,35,SRH,DC,"Rajiv Gandhi International Stadium, Uppal",2016,2016-05-12,8.5,6,0.371,0.171,51.0,62,3,6.889,15.5,170.73501577287067,162.5,8.367,169.33,164.0,146,0,0,1
980985,21,2,1,1,25,36,MI,PBKS,Dr. Y.S. Rajasekhara Reddy ACA-VDCA Cricket Stadium,2016,2016-05-13,3.5,2,0.694,0.056,7.0,59,3,6.556,14.75,154.5,148.75,7.667,158.0,168.5,124,0,0,1
980987,42,1,5,2,22,35,RCB,GL,M Chinnaswamy Stadium,2016,2016-05-14,7.0,7,0.629,0.2,21.0,94,0,10.444,94.0,170.73501577287067,183.0,7.738,170.33,170.73501577287067,248,0,0,1
980991,47,1,6,1,14,35,PBKS,SRH,"Punjab Cricket Association IS Bindra Stadium, Mohali",2016,2016-05-15,7.833,7,0.4,0.2,23.5,74,1,8.222,37.0,170.73501577287067,148.0,6.667,159.33,156.17,179,0,0,1
980993,45,0,1,4,16,36,MI,DC,Dr. Y.S. Rajasekhara Reddy ACA-VDCA Cricket Stadium,2016,2016-05-15,7.5,5,0.444,0.139,45.0,99,2,11.0,33.0,154.5,143.8,8.389,151.67,163.17,206,0,0,1
980995,51,1,9,0,13,36,KKR,RCB,Eden Gardens,2016,2016-05-16,8.5,9,0.361,0.25,25.5,73,3,8.111,18.25,194.0,170.75,9.083,165.33,164.31,183,0,0,1
981001,44,2,5,1,20,36,KKR,GL,Green Park,2016,2016-05-19,7.333,6,0.556,0.167,14.667,39,3,4.333,9.75,170.73501577287067,173.2,7.646,168.33,170.73501577287067,124,0,0,1
981003,46,1,8,0,17,36,SRH,DC,Shaheed Veer Narayan Singh International Stadium,2016,2016-05-20,7.667,8,0.472,0.222,23.0,69,3,7.667,17.25,170.73501577287067,159.2,8.262,153.33,162.36,158,0,0,1
981005,52,0,6,2,21,35,PBKS,RPS,Dr. Y.S. Rajasekhara Reddy ACA-VDCA Cricket Stadium,2016,2016-05-21,8.667,8,0.6,0.229,52.0,68,2,7.556,22.667,154.5,152.43,6.958,171.33,170.73501577287067,172,0,0,1
981007,49,3,8,2,21,36,MI,GL,Green Park,2016,2016-05-21,8.167,10,0.583,0.278,12.25,85,1,9.444,42.5,170.73501577287067,154.17,7.611,173.0,170.73501577287067,172,0,0,1
981009,48,2,7,0,12,35,KKR,SRH,Eden Gardens,2016,2016-05-22,8.0,7,0.343,0.2,16.0,93,1,10.333,46.5,194.0,165.0,6.861,155.0,161.6,171,0,0,1
981011,43,2,3,2,18,36,DC,RCB,Shaheed Veer Narayan Singh International Stadium,2016,2016-05-22,7.167,5,0.5,0.139,14.333,55,4,6.111,11.0,170.73501577287067,152.5,8.889,170.67,156.0,138,0,0,1
981013,23,3,3,0,23,35,GL,RCB,M Chinnaswamy Stadium,2016,2016-05-24,3.833,3,0.657,0.086,5.75,81,1,9.0,40.5,170.73501577287067,145.5,8.458,149.0,170.73501577287067,158,0,0,1
981015,43,1,5,1,15,36,SRH,KKR,Feroz Shah Kotla,2016,2016-05-25,7.167,6,0.417,0.167,21.5,66,2,7.333,22.0,170.73501577287067,159.0,6.111,147.0,136.0,162,0,0,1
981017,38,2,7,0,26,36,GL,SRH,Feroz Shah Kotla,2016,2016-05-27,6.333,7,0.722,0.194,12.667,71,3,7.889,17.75,170.73501577287067,148.0,7.024,144.33,130.5,162,0,0,1
981019,59,0,6,3,15,36,SRH,RCB,M Chinnaswamy Stadium,2016,2016-05-29,9.833,9,0.417,0.25,59.0,81,3,9.0,20.25,170.73501577287067,159.43,7.533,155.33,156.64,208,0,0,1
1082591,59,1,8,1,15,35,SRH,RCB,"Rajiv Gandhi International Stadium, Uppal",2017,2017-04-05,9.833,9,0.429,0.257,29.5,92,1,10.222,46.0,170.73501577287067,170.73501577287067,8.5,176.0,160.92,207,0,0,1
1082592,61,1,7,3,18,36,MI,RPS,Maharashtra Cricket Association Stadium,2017,2017-04-06,10.167,10,0.5,0.278,30.5,59,4,6.556,11.8,170.73501577287067,170.73501577287067,8.5,167.33,170.73501577287067,184,0,0,1
1082593,52,1,8,1,18,36,GL,KKR,Saurashtra Cricket Association Stadium,2017,2017-04-07,8.667,9,0.5,0.25,26.0,73,2,8.111,24.333,170.73501577287067,170.73501577287067,8.5,148.67,170.73501577287067,183,0,0,1
1082594,35,1,3,1,15,36,RPS,PBKS,Holkar Cricket Stadium,2017,2017-04-08,5.833,4,0.417,0.111,17.5,73,3,8.111,18.25,170.73501577287067,170.73501577287067,8.5,181.67,170.73501577287067,163,0,0,1
1082595,41,2,8,0,24,35,RCB,DC,M.Chinnaswamy Stadium,2017,2017-04-08,6.833,8,0.686,0.229,13.667,80,2,8.889,26.667,179.83,170.73501577287067,8.5,191.33,176.43,157,0,0,1
1082596,40,2,5,0,16,34,GL,SRH,"Rajiv Gandhi International Stadium, Uppal",2017,2017-04-09,6.667,5,0.471,0.147,13.333,62,2,6.889,20.667,170.73501577287067,170.73501577287067,8.5,167.67,141.0,135,0,0,1
1082597,59,2,7,1,18,35,KKR,MI,Wankhede Stadium,2017,2017-04-09,9.833,8,0.514,0.229,19.667,58,2,6.444,19.333,178.5,170.73501577287067,8.5,159.33,150.4,178,0,0,1
1082598,23,3,2,1,24,36,RCB,PBKS,Holkar Cricket Stadium,2017,2017-04-10,3.833,3,0.667,0.083,5.75,48,1,5.333,24.0,170.73501577287067,170.73501577287067,8.5,185.33,166.73,148,0,0,1
1082599,62,1,10,0,16,34,DC,RPS,Maharashtra Cricket Association Stadium,2017,2017-04-11,10.333,10,0.471,0.294,31.0,61,1,6.778,30.5,170.73501577287067,170.73501577287067,8.5,162.0,170.73501577287067,205,0,0,1
1082600,34,0,5,0,20,35,SRH,MI,Wankhede Stadium,2017,2017-04-12,5.667,5,0.571,0.143,34.0,84,3,9.333,21.0,178.5,170.73501577287067,8.5,192.33,148.3,158,0,0,1
1082601,57,1,8,1,25,36,PBKS,KKR,Eden Gardens,2017,2017-04-13,9.5,9,0.694,0.25,28.5,77,3,8.556,19.25,194.0,170.73501577287067,8.5,177.33,153.15,170,0,0,1
1082602,41,0,4,1,18,36,RCB,MI,M Chinnaswamy Stadium,2017,2017-04-14,6.833,5,0.5,0.139,41.0,69,1,7.667,34.5,170.73501577287067,152.5,7.75,184.33,166.25,142,0,0,1
1082603,64,2,8,3,17,36,RPS,GL,Saurashtra Cricket Association Stadium,2017,2017-04-14,10.667,11,0.472,0.306,21.333,62,3,6.889,15.5,170.73501577287067,170.73501577287067,8.5,171.0,179.0,171,0,0,1
1082604,40,2,4,1,20,35,KKR,SRH,Eden Gardens,2017,2017-04-15,6.667,5,0.571,0.143,13.333,84,1,9.333,42.0,194.0,170.73501577287067,8.5,157.67,162.45,172,0,0,1
1082605,49,0,8,1,17,35,DC,PBKS,Feroz Shah Kotla,2017,2017-04-15,8.167,9,0.486,0.257,49.0,71,4,7.889,14.2,170.73501577287067,170.73501577287067,4.833,168.33,145.57,188,0,0,1
1082606,46,1,4,2,18,36,GL,MI,Wankhede Stadium,2017,2017-04-16,7.667,6,0.5,0.167,23.0,74,2,8.222,24.667,178.5,159.0,7.444,160.0,170.73501577287067,176,0,0,1
1082607,55,0,7,1,14,35,RPS,RCB,M Chinnaswamy Stadium,2017,2017-04-16,9.167,8,0.4,0.229,55.0,62,2,6.889,20.667,170.73501577287067,167.0,8.5,175.0,170.73501577287067,161,0,0,1
1082608,53,0,8,0,9,36,DC,KKR,Feroz Shah Kotla,2017,2017-04-17,8.833,8,0.25,0.222,53.0,57,4,6.333,11.4,170.73501577287067,196.5,9.083,177.0,149.71,168,0,0,1
1082609,29,1,1,0,21,33,SRH,PBKS,"Rajiv Gandhi International Stadium, Uppal",2017,2017-04-17,4.833,1,0.636,0.03,14.5,79,2,8.778,26.333,170.73501577287067,182.5,5.944,191.0,174.55,159,0,0,1
1082610,45,0,6,1,15,36,RCB,GL,Saurashtra Cricket Association Stadium,2017,2017-04-18,7.5,7,0.417,0.194,45.0,108,1,12.0,54.0,170.73501577287067,149.0,8.5,149.0,214.0,213,0,0,1
1082611,39,1,4,0,13,36,SRH,DC,"Rajiv Gandhi International Stadium, Uppal",2017,2017-04-19,6.5,4,0.361,0.111,19.5,96,0,10.667,96.0,170.73501577287067,174.67,8.5,174.67,162.0,191,0,0,1
1082612,46,1,6,1,16,35,PBKS,MI,Holkar Cricket Stadium,2017,2017-04-20,7.667,7,0.457,0.2,23.0,93,1,10.333,46.5,170.73501577287067,170.73501577287067,7.5,173.67,162.45,198,0,0,1
1082613,65,1,12,1,12,36,KKR,GL,Eden Gardens,2017,2017-04-21,10.833,13,0.333,0.361,32.5,76,1,8.444,38.0,194.0,175.0,9.083,173.67,141.0,187,0,0,1
1082614,48,2,4,2,24,34,MI,DC,Wankhede Stadium,2017,2017-04-22,8.0,6,0.706,0.176,16.0,54,3,6.0,13.5,178.5,170.73501577287067,6.667,187.33,166.46,142,0,0,1
1082615,45,0,6,0,16,34,SRH,RPS,Maharashtra Cricket Association Stadium,2017,2017-04-22,7.5,6,0.471,0.176,45.0,68,2,7.556,22.667,170.73501577287067,178.75,10.25,169.33,170.73501577287067,176,0,0,1
1082616,50,1,8,1,17,34,PBKS,GL,Saurashtra Cricket Association Stadium,2017,2017-04-23,8.333,9,0.5,0.265,25.0,85,3,9.444,21.25,170.73501577287067,184.0,9.667,180.0,157.5,188,0,0,1
1082617,65,2,9,2,17,36,KKR,RCB,Eden Gardens,2017,2017-04-23,10.833,11,0.472,0.306,21.667,42,4,4.667,8.4,194.0,179.0,9.5,179.0,165.64,131,0,0,1
1082618,48,0,5,2,18,35,RPS,MI,Wankhede Stadium,2017,2017-04-24,8.0,7,0.514,0.2,48.0,72,3,8.0,18.0,178.5,165.0,7.533,165.0,170.73501577287067,160,0,0,1
1082620,57,0,8,1,14,36,RPS,KKR,Maharashtra Cricket Association Stadium,2017,2017-04-26,9.5,9,0.389,0.25,57.0,72,2,8.0,24.0,170.73501577287067,163.75,9.0,164.0,170.73501577287067,182,0,0,1
1082621,35,3,4,1,25,34,RCB,GL,M Chinnaswamy Stadium,2017,2017-04-27,5.833,5,0.735,0.147,8.75,72,4,8.0,14.4,170.73501577287067,165.0,9.333,167.67,213.67,134,0,0,1
1082622,53,1,7,1,16,35,DC,KKR,Eden Gardens,2017,2017-04-28,8.833,8,0.457,0.229,26.5,78,1,8.667,39.0,194.0,187.0,9.125,187.0,152.0,160,0,0,1
1082623,60,0,6,3,13,35,SRH,PBKS,"Punjab Cricket Association IS Bindra Stadium, Mohali",2017,2017-04-28,10.0,9,0.371,0.257,60.0,95,2,10.556,31.667,170.73501577287067,178.2,5.667,175.33,173.25,207,0,0,1
1082624,43,1,5,1,17,36,RPS,RCB,Maharashtra Cricket Association Stadium,2017,2017-04-29,7.167,6,0.472,0.167,21.5,68,2,7.556,22.667,170.73501577287067,167.4,9.944,167.67,176.0,157,0,0,1
1082626,25,3,2,1,25,36,DC,PBKS,"Punjab Cricket Association IS Bindra Stadium, Mohali",2017,2017-04-30,4.167,3,0.694,0.083,6.25,35,4,3.889,7.0,170.73501577287067,180.25,6.533,172.0,150.88,67,0,0,1
1082627,79,0,7,5,16,36,SRH,KKR,"Rajiv Gandhi International Stadium, Uppal",2017,2017-04-30,13.167,12,0.444,0.333,79.0,75,1,8.333,37.5,170.73501577287067,183.0,9.067,191.33,140.33,209,0,0,1
1082628,52,2,4,3,17,36,RCB,MI,Wankhede Stadium,2017,2017-05-01,8.667,7,0.472,0.194,17.333,63,3,7.0,15.75,178.5,158.8,7.611,163.0,163.56,162,0,0,1
1082629,55,1,6,3,17,35,GL,RPS,Maharashtra Cricket Association Stadium,2017,2017-05-01,9.167,9,0.486,0.257,27.5,80,5,8.889,13.333,170.73501577287067,164.67,9.333,164.67,170.73501577287067,161,0,0,1
1082630,66,1,8,2,15,35,SRH,DC,Feroz Shah Kotla,2017,2017-05-02,11.0,10,0.429,0.286,33.0,48,2,5.333,16.0,170.73501577287067,186.71,7.111,197.33,164.23,185,0,0,1
1082631,41,3,5,1,22,34,KKR,RPS,Eden Gardens,2017,2017-05-03,6.833,6,0.647,0.176,10.25,69,2,7.667,23.0,194.0,167.0,9.292,163.33,170.73501577287067,155,0,0,1
1082632,58,2,7,2,13,36,GL,DC,Feroz Shah Kotla,2017,2017-05-04,9.667,9,0.361,0.25,19.333,106,2,11.778,35.333,170.73501577287067,163.75,8.083,157.33,160.5,208,0,0,1
1082633,35,2,5,0,19,36,PBKS,RCB,M Chinnaswamy Stadium,2017,2017-05-05,5.833,5,0.528,0.139,11.667,49,3,5.444,12.25,170.73501577287067,185.33,9.25,185.33,180.5,138,0,0,1
1082634,35,1,0,1,11,36,RPS,SRH,"Rajiv Gandhi International Stadium, Uppal",2017,2017-05-06,5.833,1,0.306,0.028,17.5,65,2,7.222,21.667,170.73501577287067,165.67,6.667,166.33,170.73501577287067,148,0,0,1
1082635,60,0,5,2,13,32,MI,DC,Feroz Shah Kotla,2017,2017-05-06,10.0,7,0.406,0.219,60.0,88,2,9.778,29.333,170.73501577287067,163.0,8.4,166.0,164.71,212,0,0,1
1082636,40,3,5,1,21,36,RCB,KKR,M Chinnaswamy Stadium,2017,2017-05-07,6.667,6,0.583,0.167,10.0,65,0,7.222,65.0,170.73501577287067,159.33,9.75,169.67,145.0,158,0,0,1
1082637,44,1,4,1,15,36,PBKS,GL,"Punjab Cricket Association IS Bindra Stadium, Mohali",2017,2017-05-07,7.333,5,0.417,0.139,22.0,79,0,8.778,79.0,170.73501577287067,173.5,8.633,174.67,167.67,189,0,0,1
1082638,36,2,3,1,21,36,MI,SRH,"Rajiv Gandhi International Stadium, Uppal",2017,2017-05-08,6.0,4,0.583,0.111,12.0,63,2,7.0,21.0,170.73501577287067,179.33,6.389,179.33,160.25,138,0,0,1
1082639,41,2,5,0,19,35,PBKS,KKR,"Punjab Cricket Association IS Bindra Stadium, Mohali",2017,2017-05-09,6.833,5,0.543,0.143,13.667,74,1,8.222,37.0,170.73501577287067,176.6,9.31,171.67,154.36,167,0,0,1
1082640,50,2,7,1,18,34,GL,DC,Green Park,2017,2017-05-10,8.333,8,0.529,0.235,16.667,84,1,9.333,42.0,170.73501577287067,172.6,8.667,181.67,176.33,195,0,0,1
1082641,71,1,11,1,11,36,PBKS,MI,Wankhede Stadium,2017,2017-05-11,11.833,12,0.306,0.333,35.5,102,1,11.333,51.0,178.5,175.0,7.762,164.67,165.42,230,0,0,1
1082642,54,2,8,1,16,34,DC,RPS,Feroz Shah Kotla,2017,2017-05-12,9.0,9,0.471,0.265,18.0,69,2,7.667,23.0,170.73501577287067,157.6,8.8,131.67,183.5,168,0,0,1
1082643,61,0,7,3,13,35,GL,SRH,Green Park,2017,2017-05-13,10.167,10,0.371,0.286,61.0,65,5,7.222,10.833,170.73501577287067,176.33,6.292,188.0,139.5,154,0,0,1
1082644,51,1,7,1,24,35,MI,KKR,Eden Gardens,2017,2017-05-13,8.5,8,0.686,0.229,25.5,67,1,7.444,33.5,194.0,169.0,9.0,164.0,162.5,173,0,0,1
1082645,32,5,4,1,25,36,PBKS,RPS,Maharashtra Cricket Association Stadium,2017,2017-05-14,5.333,5,0.694,0.139,5.333,39,3,4.333,9.75,170.73501577287067,182.86,8.833,195.33,170.73501577287067,73,0,0,1
1082646,37,1,3,2,20,36,RCB,DC,Feroz Shah Kotla,2017,2017-05-14,6.167,5,0.556,0.139,18.5,70,2,7.778,23.333,170.73501577287067,159.14,8.619,151.33,174.0,161,0,0,1
1082647,33,2,3,0,17,35,RPS,MI,Wankhede Stadium,2017,2017-05-16,5.5,3,0.486,0.086,11.0,71,1,7.889,35.5,178.5,163.14,8.271,162.33,159.5,162,0,0,1
1082649,25,3,1,1,24,34,KKR,MI,M Chinnaswamy Stadium,2017,2017-05-19,4.167,2,0.706,0.059,6.25,63,3,7.0,15.75,170.73501577287067,164.6,7.963,157.67,152.91,107,0,0,1
1082650,32,2,4,0,19,36,MI,RPS,"Rajiv Gandhi International Stadium, Uppal",2017,2017-05-21,5.333,4,0.528,0.111,10.667,49,5,5.444,8.167,170.73501577287067,169.8,8.333,174.33,152.5,129,0,0,1
1136561,39,2,3,2,23,36,MI,CSK,Wankhede Stadium,2018,2018-04-07,6.5,5,0.639,0.139,13.0,78,2,8.667,26.0,178.5,170.73501577287067,8.5,146.67,162.83,165,0,0,1
1136562,45,1,4,1,15,35,DC,PBKS,Punjab Cricket Association IS Bindra Stadium,2018,2018-04-08,7.5,5,0.429,0.143,22.5,78,4,8.667,15.6,171.43,170.73501577287067,8.5,131.67,141.56,166,0,0,1
1136563,52,1,5,2,17,36,RCB,KKR,Eden Gardens,2018,2018-04-08,8.667,7,0.472,0.194,26.0,80,3,8.889,20.0,194.0,170.73501577287067,8.5,160.33,148.25,176,0,0,1
1136564,48,1,7,0,18,35,RR,SRH,Rajiv Gandhi International Stadium,2018,2018-04-09,8.0,7,0.514,0.2,24.0,49,5,5.444,8.167,171.5,170.73501577287067,8.5,172.67,142.5,125,0,0,1
1136565,64,2,6,5,17,36,KKR,CSK,MA Chidambaram Stadium,2018,2018-04-10,10.667,11,0.472,0.306,21.333,59,3,6.556,14.75,144.12,170.73501577287067,8.5,131.0,140.75,202,0,0,1
1136567,54,3,6,3,23,35,MI,SRH,Rajiv Gandhi International Stadium,2018,2018-04-12,9.0,9,0.657,0.257,13.5,57,2,6.333,19.0,171.5,170.73501577287067,8.5,155.67,157.78,147,0,0,1
1136568,50,3,6,3,20,35,PBKS,RCB,M.Chinnaswamy Stadium,2018,2018-04-13,8.333,9,0.571,0.257,12.5,72,4,8.0,14.4,179.83,170.73501577287067,8.5,156.67,174.43,155,0,0,1
1136569,84,0,11,4,15,35,MI,DC,Wankhede Stadium,2018,2018-04-14,14.0,15,0.429,0.429,84.0,74,2,8.222,24.667,178.5,156.0,8.5,147.0,167.87,194,0,0,1
1136570,49,1,8,1,17,36,KKR,SRH,Eden Gardens,2018,2018-04-14,8.167,9,0.472,0.25,24.5,57,4,6.333,11.4,194.0,170.73501577287067,8.5,154.67,163.25,138,0,0,1
1136571,52,1,7,1,17,35,RR,RCB,M.Chinnaswamy Stadium,2018,2018-04-15,8.667,8,0.486,0.229,26.0,77,2,8.556,25.667,179.83,170.73501577287067,8.5,171.0,143.86,217,0,0,1
1136572,75,0,12,3,15,36,PBKS,CSK,Punjab Cricket Association IS Bindra Stadium,2018,2018-04-15,12.5,15,0.417,0.417,75.0,79,4,8.778,15.8,171.43,170.73501577287067,8.583,152.67,169.29,197,0,0,1
1136573,50,1,6,3,20,36,KKR,DC,Eden Gardens,2018,2018-04-16,8.333,9,0.556,0.25,25.0,95,3,10.556,23.75,194.0,170.0,8.5,149.0,147.1,200,0,0,1
1136574,60,2,7,2,20,35,MI,RCB,Wankhede Stadium,2018,2018-04-17,10.0,9,0.571,0.257,20.0,83,1,9.222,41.5,178.5,168.67,8.5,168.67,167.55,213,0,0,1
1136575,48,0,6,1,12,35,RR,KKR,Sawai Mansingh Stadium,2018,2018-04-18,8.0,7,0.343,0.2,48.0,64,4,7.111,12.8,163.43,171.0,8.5,180.33,148.08,160,0,0,1
1136576,49,0,4,3,19,35,PBKS,SRH,Punjab Cricket Association IS Bindra Stadium,2018,2018-04-19,8.167,7,0.543,0.2,49.0,94,2,10.444,31.333,171.43,176.0,8.389,141.67,159.43,193,0,0,1
1136577,69,1,9,3,12,36,CSK,RR,Maharashtra Cricket Association Stadium,2018,2018-04-20,11.5,12,0.333,0.333,34.5,92,2,10.222,30.667,170.73501577287067,170.73501577287067,8.5,144.67,163.56,204,0,0,1
1136579,28,2,3,0,22,34,DC,RCB,M.Chinnaswamy Stadium,2018,2018-04-21,4.667,3,0.647,0.088,9.333,75,1,8.333,37.5,179.83,170.73501577287067,9.0,133.67,153.75,174,0,0,1
1136580,27,1,2,1,23,36,CSK,SRH,Rajiv Gandhi International Stadium,2018,2018-04-22,4.5,3,0.639,0.083,13.5,93,1,10.333,46.5,171.5,170.73501577287067,8.333,160.0,172.91,182,0,0,1
1136581,43,1,3,3,18,35,MI,RR,Sawai Mansingh Stadium,2018,2018-04-22,7.167,6,0.514,0.171,21.5,92,1,10.222,46.0,163.43,179.75,8.5,184.67,165.0,167,0,0,1
1136582,51,2,7,1,14,35,PBKS,DC,Arun Jaitley Stadium,2018,2018-04-23,8.5,8,0.4,0.229,17.0,49,2,5.444,16.333,151.5,181.67,11.167,181.67,148.33,143,0,0,1
1136583,51,4,7,0,19,35,SRH,MI,Wankhede Stadium,2018,2018-04-24,8.5,7,0.543,0.2,10.2,55,3,6.111,13.75,178.5,170.73501577287067,8.5,200.33,149.18,118,0,0,1
1136584,52,1,4,4,18,36,RCB,CSK,M.Chinnaswamy Stadium,2018,2018-04-25,8.667,8,0.5,0.222,26.0,90,3,10.0,22.5,179.83,170.73501577287067,9.889,165.0,155.78,205,0,0,1
1136585,37,3,6,0,23,35,SRH,PBKS,Rajiv Gandhi International Stadium,2018,2018-04-26,6.167,6,0.657,0.171,9.25,60,1,6.667,30.0,171.5,170.73501577287067,8.5,170.67,175.85,132,0,0,1
1136586,57,0,8,2,14,36,DC,KKR,Arun Jaitley Stadium,2018,2018-04-27,9.5,10,0.389,0.278,57.0,83,3,9.222,20.75,151.5,170.0,8.333,169.33,152.89,219,0,0,1
1136587,51,1,3,4,17,35,CSK,MI,Maharashtra Cricket Association Stadium,2018,2018-04-28,8.5,7,0.486,0.2,25.5,66,1,7.333,33.0,170.73501577287067,193.0,8.5,168.33,169.9,169,0,0,1
1136588,39,1,5,0,14,36,SRH,RR,Sawai Mansingh Stadium,2018,2018-04-29,6.5,5,0.389,0.139,19.5,81,2,9.0,27.0,163.43,125.0,9.333,145.0,153.5,151,0,0,1
1136589,40,0,5,1,20,34,RCB,KKR,M.Chinnaswamy Stadium,2018,2018-04-29,6.667,6,0.588,0.176,40.0,69,3,7.667,17.25,179.83,190.5,8.722,180.67,153.8,175,0,0,1
1136590,56,0,5,4,16,35,CSK,DC,Maharashtra Cricket Association Stadium,2018,2018-04-30,9.333,9,0.457,0.257,56.0,81,3,9.0,20.25,170.73501577287067,185.0,10.278,185.0,157.73,211,0,0,1
1136591,43,1,3,3,21,36,RCB,MI,M.Chinnaswamy Stadium,2018,2018-05-01,7.167,6,0.583,0.167,21.5,80,2,8.889,26.667,179.83,185.33,8.5,185.33,163.4,167,0,0,1
1136593,57,1,9,2,16,36,CSK,KKR,Eden Gardens,2018,2018-05-03,9.5,11,0.444,0.306,28.5,64,3,7.111,16.0,194.0,191.5,8.208,187.33,163.5,177,0,0,1
1136594,49,0,4,3,18,36,PBKS,MI,Holkar Cricket Stadium,2018,2018-05-04,8.167,7,0.5,0.194,49.0,74,3,8.222,18.5,170.73501577287067,172.0,8.056,177.67,170.38,174,0,0,1
1136595,47,1,5,2,19,34,RCB,CSK,Maharashtra Cricket Association Stadium,2018,2018-05-05,7.833,7,0.559,0.206,23.5,42,6,4.667,6.0,170.73501577287067,180.75,9.583,182.33,160.7,127,0,0,1
1136596,60,1,6,3,13,36,DC,SRH,Rajiv Gandhi International Stadium,2018,2018-05-05,10.0,9,0.361,0.25,30.0,65,1,7.222,32.5,171.5,186.33,7.567,186.33,146.83,163,0,0,1
1136597,56,0,7,3,17,36,MI,KKR,Wankhede Stadium,2018,2018-05-06,9.333,10,0.472,0.278,56.0,76,3,8.444,19.0,178.5,177.2,8.467,191.33,163.67,181,0,0,1
1136598,45,2,5,0,13,33,RR,PBKS,Holkar Cricket Stadium,2018,2018-05-06,7.5,5,0.394,0.152,15.0,65,4,7.222,13.0,170.73501577287067,167.33,6.833,167.33,185.83,152,0,0,1
1136599,38,2,4,0,16,35,SRH,RCB,Rajiv Gandhi International Stadium,2018,2018-05-07,6.333,4,0.457,0.114,12.667,67,1,7.444,33.5,171.5,133.67,7.917,133.67,164.46,146,0,0,1
1136600,63,1,8,2,10,36,RR,PBKS,Sawai Mansingh Stadium,2018,2018-05-08,10.5,10,0.278,0.278,31.5,57,2,6.333,19.0,163.43,163.5,7.056,176.33,181.0,158,0,0,1
1136601,47,1,7,1,16,36,MI,KKR,Eden Gardens,2018,2018-05-09,7.833,8,0.444,0.222,23.5,98,2,10.889,32.667,194.0,177.83,8.611,187.0,165.4,210,0,0,1
1136602,38,2,6,0,19,35,DC,SRH,Arun Jaitley Stadium,2018,2018-05-10,6.333,6,0.543,0.171,12.667,73,2,8.111,24.333,151.5,180.5,7.972,185.33,149.14,187,0,0,1
1136603,55,1,8,0,15,36,CSK,RR,Sawai Mansingh Stadium,2018,2018-05-11,9.167,8,0.417,0.222,27.5,72,2,8.0,24.0,163.43,188.6,8.389,185.67,167.6,176,0,0,1
1136604,59,1,6,3,13,36,KKR,PBKS,Holkar Cricket Stadium,2018,2018-05-12,9.833,9,0.361,0.25,29.5,110,2,12.222,36.667,170.73501577287067,180.0,7.917,180.0,172.6,245,0,0,1
1136605,44,2,5,1,19,35,DC,RCB,Arun Jaitley Stadium,2018,2018-05-12,7.333,6,0.543,0.171,14.667,76,1,8.444,38.0,151.5,181.8,7.6,189.67,156.0,181,0,0,1
1136606,29,1,4,0,23,34,SRH,CSK,Maharashtra Cricket Association Stadium,2018,2018-05-13,4.833,4,0.676,0.118,14.5,101,0,11.222,101.0,170.73501577287067,136.75,9.233,143.0,166.6,179,0,0,1
1136607,51,0,9,0,20,36,MI,RR,Wankhede Stadium,2018,2018-05-13,8.5,9,0.556,0.25,51.0,72,4,8.0,14.4,178.5,182.43,8.583,186.0,165.18,168,0,0,1
1136608,47,3,5,3,21,35,PBKS,RCB,Holkar Cricket Stadium,2018,2018-05-14,7.833,8,0.6,0.229,11.75,40,6,4.444,5.714,170.73501577287067,172.4,7.556,170.0,172.0,88,0,0,1
1136609,68,1,10,3,16,36,RR,KKR,Eden Gardens,2018,2018-05-15,11.333,13,0.444,0.361,34.0,50,6,5.556,7.143,194.0,162.4,8.5,156.67,149.0,142,0,0,1
1136610,60,3,4,5,18,34,MI,PBKS,Wankhede Stadium,2018,2018-05-16,10.0,9,0.529,0.265,15.0,91,2,10.111,30.333,178.5,180.62,8.3,186.33,162.14,186,0,0,1
1136611,44,2,8,0,16,36,RCB,SRH,M.Chinnaswamy Stadium,2018,2018-05-17,7.333,8,0.444,0.222,14.667,105,2,11.667,35.0,179.83,170.0,7.738,156.33,177.17,218,0,0,1
1136612,39,1,4,1,23,35,DC,CSK,Arun Jaitley Stadium,2018,2018-05-18,6.5,5,0.657,0.143,19.5,63,4,7.0,12.6,151.5,181.67,8.5,177.0,170.6,162,0,0,1
1136613,45,1,6,1,17,36,RR,RCB,Sawai Mansingh Stadium,2018,2018-05-19,7.5,7,0.472,0.194,22.5,68,2,7.556,22.667,163.43,159.0,7.595,150.67,153.0,164,0,0,1
1136614,60,0,7,2,20,35,SRH,KKR,Rajiv Gandhi International Stadium,2018,2018-05-19,10.0,9,0.571,0.257,60.0,81,2,9.0,27.0,171.5,145.2,8.854,158.67,150.14,172,0,0,1
1136615,46,2,7,0,17,35,DC,MI,Arun Jaitley Stadium,2018,2018-05-20,7.667,7,0.486,0.2,15.333,74,1,8.222,37.0,151.5,178.86,8.083,176.67,161.6,174,0,0,1
1136616,29,3,3,0,22,34,PBKS,CSK,Maharashtra Cricket Association Stadium,2018,2018-05-20,4.833,3,0.647,0.088,7.25,73,2,8.111,24.333,170.73501577287067,158.33,8.214,135.0,172.75,153,0,0,1
1136617,47,3,8,0,16,36,SRH,CSK,Wankhede Stadium,2018,2018-05-22,7.833,8,0.444,0.222,11.75,41,3,4.556,10.25,178.5,149.67,7.792,165.67,168.67,139,0,0,1
1136618,46,3,6,0,20,35,KKR,RR,Eden Gardens,2018,2018-05-23,7.667,6,0.571,0.171,11.5,68,2,7.556,22.667,194.0,196.25,8.567,194.33,170.73501577287067,169,0,0,1
1136619,45,0,4,1,13,36,SRH,KKR,Eden Gardens,2018,2018-05-25,7.5,5,0.361,0.139,45.0,68,3,7.556,17.0,194.0,148.14,8.981,163.33,152.88,174,0,0,1
1136620,42,1,2,2,17,36,SRH,CSK,Wankhede Stadium,2018,2018-05-27,7.0,4,0.472,0.111,21.0,84,2,9.333,28.0,178.5,151.38,7.796,161.67,164.43,178,0,0,1
1175356,33,2,1,1,18,35,RCB,CSK,MA Chidambaram Stadium,2019,2019-03-23,5.5,2,0.514,0.057,11.0,33,6,3.667,4.714,144.12,170.73501577287067,8.5,170.67,157.64,70,0,0,1
1175357,54,0,6,1,18,35,SRH,KKR,Eden Gardens,2019,2019-03-24,9.0,7,0.514,0.2,54.0,80,1,8.889,40.0,194.0,170.73501577287067,8.5,163.67,155.22,181,0,0,1
1175358,45,2,5,1,15,36,DC,MI,Wankhede Stadium,2019,2019-03-24,7.5,6,0.417,0.167,15.0,86,1,9.556,43.0,178.5,170.73501577287067,8.5,172.33,163.67,213,0,0,1
1175359,32,1,3,1,25,36,PBKS,RR,Sawai Mansingh Stadium,2019,2019-03-25,5.333,4,0.694,0.111,16.0,93,1,10.333,46.5,163.43,170.73501577287067,8.5,138.33,165.25,184,0,0,1
1175360,43,1,8,0,22,36,DC,CSK,Arun Jaitley Stadium,2019,2019-03-26,7.167,8,0.611,0.222,21.5,75,1,8.333,37.5,151.5,170.73501577287067,8.5,183.0,169.17,147,0,0,1
1175361,53,2,3,5,20,36,KKR,PBKS,Eden Gardens,2019,2019-03-27,8.833,8,0.556,0.222,17.667,94,1,10.444,47.0,194.0,170.73501577287067,8.5,204.67,184.67,218,0,0,1
1175362,52,0,8,2,18,36,MI,RCB,M.Chinnaswamy Stadium,2019,2019-03-28,8.667,10,0.5,0.278,52.0,87,3,9.667,21.75,179.83,170.73501577287067,8.5,188.0,171.33,187,0,0,1
1175363,35,1,3,0,17,36,RR,SRH,Rajiv Gandhi International Stadium,2019,2019-03-29,5.833,3,0.472,0.083,17.5,87,0,9.667,87.0,171.5,170.73501577287067,8.5,154.67,136.67,198,0,0,1
1175364,62,1,9,0,6,36,MI,PBKS,Punjab Cricket Association IS Bindra Stadium,2019,2019-03-30,10.333,9,0.167,0.25,31.0,69,3,7.667,17.25,171.43,170.73501577287067,8.5,180.33,165.12,176,0,0,1
1175366,59,0,9,1,12,36,SRH,RCB,Rajiv Gandhi International Stadium,2019,2019-03-31,9.833,10,0.333,0.278,59.0,105,0,11.667,105.0,171.5,170.73501577287067,8.5,177.67,163.14,231,0,0,1
1175367,29,3,4,1,25,36,CSK,RR,MA Chidambaram Stadium,2019,2019-03-31,4.833,5,0.694,0.139,7.25,70,1,7.778,35.0,144.12,170.73501577287067,8.5,188.0,168.36,175,0,0,1
1175368,54,2,8,2,18,36,PBKS,DC,Punjab Cricket Association IS Bindra Stadium,2019,2019-04-01,9.0,10,0.5,0.278,18.0,75,2,8.333,25.0,171.43,170.73501577287067,8.5,141.67,147.8,166,0,0,1
1175369,48,0,7,0,15,34,RCB,RR,Sawai Mansingh Stadium,2019,2019-04-02,8.0,7,0.441,0.206,48.0,59,3,6.556,14.75,163.43,170.73501577287067,5.083,138.33,146.62,158,0,0,1
1175370,40,1,7,0,20,35,MI,CSK,Wankhede Stadium,2019,2019-04-03,6.667,7,0.571,0.2,20.0,53,2,5.889,17.667,178.5,181.5,6.333,183.0,163.0,170,0,0,1
1175371,36,2,3,1,16,35,DC,SRH,Arun Jaitley Stadium,2019,2019-04-04,6.0,4,0.457,0.114,12.0,49,3,5.444,12.25,151.5,180.0,8.5,178.0,153.88,129,0,0,1
1175372,53,0,8,0,10,36,RCB,KKR,M.Chinnaswamy Stadium,2019,2019-04-05,8.833,8,0.278,0.222,53.0,89,1,9.889,44.5,179.83,114.0,8.5,148.67,157.33,205,0,0,1
1178393,54,0,5,3,14,36,CSK,PBKS,MA Chidambaram Stadium,2019,2019-04-06,9.0,8,0.389,0.222,54.0,54,3,6.0,13.5,144.12,170.73501577287067,9.583,176.0,178.5,160,0,0,1
1178394,30,2,1,2,21,36,MI,SRH,Rajiv Gandhi International Stadium,2019,2019-04-06,5.0,3,0.583,0.083,10.0,45,3,5.0,11.25,171.5,177.67,5.917,177.67,156.7,136,0,0,1
1178395,40,2,3,1,18,35,RCB,DC,M.Chinnaswamy Stadium,2019,2019-04-07,6.667,4,0.514,0.114,13.333,68,2,7.556,22.667,179.83,144.33,8.5,144.33,172.56,149,0,0,1
1178396,28,1,4,0,21,36,RR,KKR,Sawai Mansingh Stadium,2019,2019-04-07,4.667,4,0.583,0.111,14.0,75,1,8.333,37.5,163.43,170.73501577287067,8.917,168.0,148.5,139,0,0,1
1178397,27,1,2,0,27,34,SRH,PBKS,Punjab Cricket Association IS Bindra Stadium,2019,2019-04-08,4.5,2,0.794,0.059,13.5,65,2,7.222,21.667,171.43,206.0,9.389,196.67,172.71,150,0,0,1
1178398,29,4,4,0,26,35,KKR,CSK,MA Chidambaram Stadium,2019,2019-04-09,4.833,4,0.743,0.114,5.8,46,2,5.111,15.333,144.12,170.73501577287067,6.444,210.67,153.0,108,0,0,1
1178399,50,0,3,4,15,36,PBKS,MI,Wankhede Stadium,2019,2019-04-10,8.333,7,0.417,0.194,50.0,81,2,9.0,27.0,178.5,175.0,8.5,167.67,170.64,197,0,0,1
1178400,54,3,9,1,21,35,RR,CSK,Sawai Mansingh Stadium,2019,2019-04-11,9.0,10,0.6,0.286,13.5,49,3,5.444,12.25,163.43,168.5,6.042,167.0,160.0,151,0,0,1
1178401,41,1,8,0,20,35,KKR,DC,Eden Gardens,2019,2019-04-12,6.833,8,0.571,0.229,20.5,81,3,9.0,20.25,194.0,163.0,7.833,165.0,151.91,178,0,0,1
1178402,57,0,6,2,10,36,MI,RR,Wankhede Stadium,2019,2019-04-13,9.5,8,0.278,0.222,57.0,69,2,7.667,23.0,178.5,167.25,6.056,160.67,165.42,187,0,0,1
1178403,60,0,8,3,16,36,PBKS,RCB,Punjab Cricket Association IS Bindra Stadium,2019,2019-04-13,10.0,11,0.444,0.306,60.0,62,4,6.889,12.4,171.43,182.33,9.25,182.33,162.67,173,0,0,1
1178404,49,1,8,1,21,35,KKR,CSK,Eden Gardens,2019,2019-04-14,8.167,9,0.6,0.257,24.5,84,4,9.333,16.8,194.0,168.0,6.633,168.0,145.5,161,0,0,1
1178405,51,2,6,2,21,35,DC,SRH,Rajiv Gandhi International Stadium,2019,2019-04-14,8.5,8,0.6,0.229,17.0,70,1,7.778,35.0,171.5,163.0,5.611,163.0,151.11,155,0,0,1
1178406,45,1,6,1,21,32,RCB,MI,Wankhede Stadium,2019,2019-04-15,7.5,7,0.656,0.219,22.5,74,1,8.222,37.0,178.5,145.5,7.917,170.67,163.73,171,0,0,1
1178407,39,1,2,3,22,35,PBKS,RR,Punjab Cricket Association IS Bindra Stadium,2019,2019-04-16,6.5,5,0.629,0.143,19.5,97,1,10.778,48.5,171.43,180.0,6.917,178.67,167.33,182,0,0,1
1178408,41,0,5,1,20,34,CSK,SRH,Rajiv Gandhi International Stadium,2019,2019-04-17,6.833,6,0.588,0.176,41.0,61,5,6.778,10.167,171.5,167.5,6.333,170.33,173.67,132,0,0,1
1178409,57,0,4,3,10,35,MI,DC,Arun Jaitley Stadium,2019,2019-04-18,9.5,7,0.286,0.2,57.0,47,3,5.222,11.75,151.5,171.2,7.5,164.33,169.5,168,0,0,1
1178410,42,1,4,1,17,36,RCB,KKR,Eden Gardens,2019,2019-04-19,7.0,5,0.472,0.139,21.0,80,1,8.889,40.0,194.0,150.6,7.5,175.0,164.14,213,0,0,1
1178411,46,1,5,1,19,34,MI,RR,Sawai Mansingh Stadium,2019,2019-04-20,7.667,6,0.559,0.176,23.0,66,2,7.333,22.0,163.43,170.67,6.833,163.67,167.08,161,0,0,1
1178412,50,2,8,2,20,36,PBKS,DC,Arun Jaitley Stadium,2019,2019-04-20,8.333,10,0.556,0.278,16.667,68,3,7.556,17.0,151.5,180.4,8.0,184.0,149.45,163,0,0,1
1178413,61,2,6,3,11,36,KKR,SRH,Rajiv Gandhi International Stadium,2019,2019-04-21,10.167,9,0.306,0.25,20.333,55,2,6.111,18.333,171.5,166.25,6.433,149.0,161.31,159,0,0,1
1178414,49,1,5,3,20,36,RCB,CSK,M.Chinnaswamy Stadium,2019,2019-04-21,8.167,8,0.556,0.222,24.5,69,2,7.667,23.0,179.83,161.0,6.889,177.67,150.33,161,0,0,1
1178415,52,1,6,2,15,36,RR,DC,Sawai Mansingh Stadium,2019,2019-04-22,8.667,8,0.417,0.222,26.0,98,1,10.889,49.0,163.43,162.67,8.067,162.67,165.43,191,0,0,1
1178416,54,1,6,2,19,36,SRH,CSK,MA Chidambaram Stadium,2019,2019-04-23,9.0,8,0.528,0.222,27.0,80,1,8.889,40.0,144.12,187.33,7.071,187.33,166.12,175,0,0,1
1178417,70,1,10,2,17,34,RCB,PBKS,M.Chinnaswamy Stadium,2019,2019-04-24,11.667,12,0.5,0.353,35.0,52,3,5.778,13.0,179.83,161.0,8.167,181.67,165.17,202,0,0,1
1178418,32,2,4,0,23,34,KKR,RR,Eden Gardens,2019,2019-04-25,5.333,4,0.676,0.118,10.667,68,2,7.556,22.667,194.0,164.8,6.972,166.0,158.0,175,0,0,1
1178419,45,1,5,1,18,36,MI,CSK,MA Chidambaram Stadium,2019,2019-04-26,7.5,6,0.5,0.167,22.5,60,2,6.667,20.0,144.12,169.29,7.312,172.0,163.5,155,0,0,1
1178420,51,1,5,0,13,35,SRH,RR,Sawai Mansingh Stadium,2019,2019-04-27,8.5,5,0.371,0.143,25.5,70,2,7.778,23.333,163.43,184.25,6.738,185.33,153.33,160,0,0,1
1178421,59,1,9,2,15,35,DC,RCB,Arun Jaitley Stadium,2019,2019-04-28,9.833,11,0.429,0.314,29.5,68,2,7.556,22.667,151.5,161.0,9.5,143.67,158.5,187,0,0,1
1178422,50,0,7,1,12,36,KKR,MI,Eden Gardens,2019,2019-04-28,8.333,8,0.333,0.222,50.0,107,1,11.889,53.5,194.0,166.5,7.778,165.0,149.08,232,0,0,1
1178423,77,0,7,3,13,34,SRH,PBKS,Rajiv Gandhi International Stadium,2019,2019-04-29,12.833,10,0.382,0.294,77.0,82,1,9.111,41.0,171.5,179.4,8.867,161.67,171.2,212,0,0,1
1178425,27,1,4,0,23,36,CSK,DC,MA Chidambaram Stadium,2019,2019-05-01,4.5,4,0.639,0.111,13.5,75,2,8.333,25.0,144.12,155.67,8.167,155.67,162.17,179,0,0,1
1178427,41,2,4,1,17,36,PBKS,KKR,Punjab Cricket Association IS Bindra Stadium,2019,2019-05-03,6.833,5,0.472,0.139,13.667,84,2,9.333,28.0,171.43,177.5,7.375,172.67,155.2,183,0,0,1
1178428,30,4,3,1,23,36,RR,DC,Arun Jaitley Stadium,2019,2019-05-04,5.0,4,0.639,0.111,6.0,40,3,4.444,10.0,151.5,169.75,7.643,160.33,168.62,115,0,0,1
1178429,52,1,6,2,17,35,SRH,RCB,M.Chinnaswamy Stadium,2019,2019-05-04,8.667,8,0.486,0.229,26.0,70,3,7.778,17.5,179.83,184.83,9.583,182.33,167.67,175,0,0,1
1178430,42,1,6,0,16,35,CSK,PBKS,Punjab Cricket Association IS Bindra Stadium,2019,2019-05-05,7.0,6,0.457,0.171,21.0,82,0,9.111,82.0,171.43,161.5,9.528,157.0,176.44,170,0,0,1
1178431,49,0,2,4,18,35,KKR,MI,Wankhede Stadium,2019,2019-05-05,8.167,6,0.514,0.171,49.0,50,4,5.556,10.0,178.5,175.86,7.917,188.67,155.46,133,0,0,1
1181764,32,3,6,0,24,36,CSK,MI,MA Chidambaram Stadium,2019,2019-05-07,5.333,6,0.667,0.167,8.0,59,1,6.556,29.5,144.12,163.2,7.967,160.33,169.82,131,0,0,1
1181766,54,1,4,4,15,36,SRH,DC,Dr. Y.S. Rajasekhara Reddy ACA-VDCA Cricket Stadium,2019,2019-05-08,9.0,8,0.417,0.222,27.0,50,2,5.556,16.667,154.5,183.43,7.312,182.33,165.71,162,0,0,1
1181767,41,2,6,0,16,36,DC,CSK,Dr. Y.S. Rajasekhara Reddy ACA-VDCA Cricket Stadium,2019,2019-05-10,6.833,6,0.444,0.167,13.667,52,3,5.778,13.0,154.5,166.2,7.333,157.0,166.0,147,0,0,1
1181768,45,2,1,5,22,36,MI,CSK,Rajiv Gandhi International Stadium,2019,2019-05-12,7.5,6,0.611,0.167,15.0,57,3,6.333,14.25,171.5,167.5,7.283,161.33,162.93,149,0,0,1
1216492,51,2,7,0,14,36,MI,CSK,Sheikh Zayed Stadium,2020,2020-09-19,8.5,7,0.389,0.194,17.0,75,3,8.333,18.75,162.48,170.73501577287067,8.5,155.0,162.06,162,0,0,1
1216494,17,4,1,1,31,34,KKR,RCB,Sheikh Zayed Stadium,2020,2020-10-21,2.833,2,0.912,0.059,3.4,35,2,3.889,11.667,162.48,163.25,8.458,159.67,163.33,84,0,0,1
1216495,48,2,6,2,18,36,MI,SRH,Sharjah Cricket Stadium,2020,2020-11-03,8.0,8,0.5,0.222,16.0,50,3,5.556,12.5,159.27,190.67,7.472,198.67,159.25,149,0,0,1
1216496,54,1,4,3,14,36,RR,CSK,Sharjah Cricket Stadium,2020,2020-09-22,9.0,7,0.389,0.194,27.0,100,3,11.111,25.0,159.27,170.73501577287067,8.5,152.33,159.0,216,0,0,1
1216497,36,2,5,0,18,36,KKR,DC,Sheikh Zayed Stadium,2020,2020-10-24,6.0,5,0.5,0.139,12.0,106,1,11.778,53.0,162.48,147.4,6.417,132.0,154.08,194,0,0,1
1216498,47,1,5,1,16,35,PBKS,SRH,Dubai International Cricket Stadium,2020,2020-10-24,7.833,6,0.457,0.171,23.5,41,4,4.556,8.2,165.47,202.33,8.0,202.33,163.62,126,0,0,1
1216499,54,0,9,1,16,36,RCB,MI,Sheikh Zayed Stadium,2020,2020-10-28,9.0,10,0.444,0.278,54.0,75,2,8.333,25.0,162.48,168.4,5.722,170.0,164.33,164,0,0,1
1216500,51,3,7,1,19,36,DC,RR,Sharjah Cricket Stadium,2020,2020-10-09,8.5,8,0.528,0.222,12.75,71,2,7.889,23.667,159.27,199.67,8.833,199.67,158.89,184,0,0,1
1216501,52,1,7,1,17,35,KKR,CSK,Sheikh Zayed Stadium,2020,2020-10-07,8.667,8,0.486,0.229,26.0,76,3,8.444,19.0,162.48,170.73501577287067,7.633,179.67,147.71,167,0,0,1
1216502,30,2,3,0,20,35,RCB,SRH,Sharjah Cricket Stadium,2020,2020-10-31,5.0,3,0.571,0.086,10.0,63,2,7.0,21.0,159.27,167.67,7.967,160.0,180.5,120,0,0,1
1216503,41,2,7,0,21,36,MI,PBKS,Sheikh Zayed Stadium,2020,2020-10-01,6.833,7,0.583,0.194,13.667,61,1,6.778,30.5,162.48,178.5,8.5,168.67,166.33,191,0,0,1
1216504,42,1,4,2,23,34,KKR,RR,Dubai International Cricket Stadium,2020,2020-09-30,7.0,6,0.676,0.176,21.0,78,4,8.667,15.6,165.47,170.73501577287067,8.5,180.0,163.67,174,0,0,1
1216505,40,1,5,0,17,36,RCB,DC,Sheikh Zayed Stadium,2020,2020-11-02,6.667,5,0.472,0.139,20.0,63,1,7.0,31.5,162.48,160.86,7.917,143.0,170.2,152,0,0,1
1216506,53,1,8,1,12,36,PBKS,CSK,Sheikh Zayed Stadium,2020,2020-11-01,8.833,9,0.333,0.25,26.5,42,3,4.667,10.5,162.48,183.6,7.611,163.0,171.3,153,0,0,1
1216507,26,1,1,1,20,36,SRH,RR,Dubai International Cricket Stadium,2020,2020-10-11,4.333,2,0.556,0.056,13.0,70,1,7.778,35.0,165.47,167.25,8.75,175.67,153.75,158,0,0,1
1216508,59,1,6,3,19,36,MI,KKR,Sheikh Zayed Stadium,2020,2020-09-23,9.833,9,0.528,0.25,29.5,88,1,9.778,44.0,162.48,170.73501577287067,8.5,155.33,169.45,195,0,0,1
1216509,39,1,6,1,23,36,CSK,DC,Sharjah Cricket Stadium,2020,2020-10-17,6.5,7,0.639,0.194,19.5,73,2,8.111,24.333,159.27,170.73501577287067,8.5,156.0,163.46,179,0,0,1
1216510,50,0,8,0,16,36,PBKS,RCB,Dubai International Cricket Stadium,2020,2020-09-24,8.333,8,0.444,0.222,50.0,76,2,8.444,25.333,165.47,170.73501577287067,8.5,176.0,163.7,206,0,0,1
1216511,57,1,6,3,17,35,MI,RR,Sheikh Zayed Stadium,2020,2020-10-06,9.5,9,0.486,0.257,28.5,68,3,7.556,17.0,162.48,189.0,8.5,198.0,166.64,193,0,0,1
1216513,46,0,6,0,12,35,PBKS,CSK,Dubai International Cricket Stadium,2020,2020-10-04,7.667,6,0.343,0.171,46.0,84,2,9.333,28.0,165.47,214.5,7.625,204.0,170.56,178,0,0,1
1216514,38,3,5,1,19,36,RR,RCB,Sheikh Zayed Stadium,2020,2020-10-03,6.333,6,0.528,0.167,9.5,61,1,6.778,30.5,162.48,170.73501577287067,8.5,174.0,154.22,154,0,0,1
1216515,57,1,5,3,10,36,DC,KKR,Sharjah Cricket Stadium,2020,2020-10-03,9.5,8,0.278,0.222,28.5,94,1,10.444,47.0,159.27,170.73501577287067,8.25,169.67,159.5,228,0,0,1
1216516,42,1,6,0,18,36,SRH,CSK,Dubai International Cricket Stadium,2020,2020-10-02,7.0,6,0.5,0.167,21.0,58,3,6.444,14.5,165.47,152.0,7.833,155.33,167.11,164,0,0,1
1216518,47,1,6,1,15,36,RR,SRH,Dubai International Cricket Stadium,2020,2020-10-22,7.833,7,0.417,0.194,23.5,58,2,6.444,19.333,165.47,182.33,8.056,182.33,152.0,154,0,0,1
1216519,63,0,7,2,10,35,DC,RCB,Dubai International Cricket Stadium,2020,2020-10-05,10.5,9,0.286,0.257,63.0,71,3,7.889,17.75,165.47,201.5,7.333,183.33,161.09,196,0,0,1
1216520,54,3,6,3,18,36,KKR,PBKS,Sharjah Cricket Stadium,2020,2020-10-26,9.0,9,0.5,0.25,13.5,60,3,6.667,15.0,159.27,155.17,7.8,142.0,186.25,149,0,0,1
1216521,24,5,3,0,28,36,CSK,MI,Sharjah Cricket Stadium,2020,2020-10-23,4.0,3,0.778,0.083,4.0,47,3,5.222,11.75,159.27,157.0,6.583,157.0,166.58,114,0,0,1
1216522,52,1,7,1,20,36,RR,RCB,Dubai International Cricket Stadium,2020,2020-10-17,8.667,8,0.556,0.222,26.0,67,2,7.444,22.333,165.47,185.0,8.389,161.67,154.2,177,0,0,1
1216523,25,2,4,0,25,35,KKR,PBKS,Sheikh Zayed Stadium,2020,2020-10-10,4.167,4,0.714,0.114,8.333,76,1,8.444,38.0,162.48,170.5,8.25,158.0,189.43,164,0,0,1
1216524,77,0,11,2,10,35,SRH,DC,Dubai International Cricket Stadium,2020,2020-10-27,12.833,13,0.286,0.371,77.0,98,2,10.889,32.667,165.47,165.4,6.278,174.33,165.25,219,0,0,1
1216525,36,1,3,0,22,35,RCB,CSK,Dubai International Cricket Stadium,2020,2020-10-10,6.0,3,0.629,0.086,18.0,59,3,6.556,14.75,165.47,170.73501577287067,7.806,175.33,151.15,169,0,0,1
1216526,33,2,4,0,24,36,KKR,MI,Sheikh Zayed Stadium,2020,2020-10-16,5.5,4,0.667,0.111,11.0,62,3,6.889,15.5,162.48,168.33,8.5,168.33,153.86,148,0,0,1
1216527,60,0,7,2,15,36,PBKS,RR,Sharjah Cricket Stadium,2020,2020-09-27,10.0,9,0.417,0.25,60.0,112,0,12.444,112.0,159.27,170.73501577287067,8.5,184.0,168.8,223,0,0,1
1216528,44,2,5,2,22,35,CSK,SRH,Dubai International Cricket Stadium,2020,2020-10-13,7.333,7,0.629,0.2,14.667,72,0,8.0,72.0,165.47,170.73501577287067,8.417,160.0,170.46,167,0,0,1
1216529,46,2,7,1,21,36,DC,MI,Sheikh Zayed Stadium,2020,2020-10-11,7.667,8,0.583,0.222,15.333,65,1,7.222,32.5,162.48,195.75,8.5,202.67,170.71,162,0,0,1
1216530,55,1,9,1,16,34,KKR,RR,Dubai International Cricket Stadium,2020,2020-11-01,9.167,10,0.471,0.294,27.5,77,4,8.556,15.4,165.47,156.5,8.111,171.67,166.25,191,0,0,1
1216531,57,1,5,2,14,34,RCB,PBKS,Sharjah Cricket Stadium,2020,2020-10-15,9.5,7,0.412,0.206,28.5,65,2,7.222,21.667,159.27,175.33,6.889,175.33,168.0,171,0,0,1
1216532,38,0,2,1,15,34,SRH,DC,Sheikh Zayed Stadium,2020,2020-09-29,6.333,3,0.441,0.088,38.0,79,2,8.778,26.333,162.48,170.73501577287067,8.5,159.67,165.47,162,0,0,1
1216533,43,2,6,1,18,36,CSK,RR,Sheikh Zayed Stadium,2020,2020-10-19,7.167,7,0.5,0.194,14.333,46,2,5.111,15.333,162.48,173.0,7.861,159.0,168.92,125,0,0,1
1216534,53,0,7,1,20,36,RCB,SRH,Dubai International Cricket Stadium,2020,2020-09-21,8.833,8,0.556,0.222,53.0,63,2,7.0,21.0,165.47,170.73501577287067,8.5,192.0,183.0,163,0,0,1
1216535,22,2,3,0,25,36,DC,MI,Dubai International Cricket Stadium,2020,2020-10-31,3.667,3,0.694,0.083,7.333,56,4,6.222,11.2,165.47,181.43,6.542,162.33,169.62,110,0,0,1
1216536,48,0,8,1,17,36,KKR,CSK,Dubai International Cricket Stadium,2020,2020-10-29,8.0,9,0.472,0.25,48.0,58,3,6.444,14.5,165.47,154.29,7.562,142.33,150.12,172,0,0,1
1216537,53,1,5,3,25,36,PBKS,RR,Sheikh Zayed Stadium,2020,2020-10-30,8.833,8,0.694,0.222,26.5,70,1,7.778,35.0,162.48,183.25,8.021,175.67,173.73,185,0,0,1
1216538,48,2,8,1,20,35,MI,SRH,Sharjah Cricket Stadium,2020,2020-10-04,8.0,9,0.571,0.257,16.0,99,2,11.0,33.0,159.27,182.67,8.5,182.67,154.82,208,0,0,1
1216539,36,0,4,0,18,35,DC,CSK,Dubai International Cricket Stadium,2020,2020-09-25,6.0,4,0.514,0.114,36.0,88,2,9.778,29.333,165.47,170.73501577287067,8.75,163.0,163.62,175,0,0,1
1216540,47,0,6,1,14,35,RCB,KKR,Sharjah Cricket Stadium,2020,2020-10-12,7.833,7,0.4,0.2,47.0,64,2,7.111,21.333,159.27,166.0,8.667,178.0,170.25,194,0,0,1
1216541,59,1,5,3,20,35,MI,RR,Sheikh Zayed Stadium,2020,2020-10-25,9.833,8,0.571,0.229,29.5,57,3,6.333,14.25,162.48,189.8,7.762,197.33,168.4,195,0,0,1
1216542,58,0,9,0,17,36,SRH,PBKS,Dubai International Cricket Stadium,2020,2020-10-08,9.667,9,0.472,0.25,58.0,102,0,11.333,102.0,165.47,156.0,8.5,156.0,173.75,201,0,0,1
1216543,47,2,5,1,22,36,DC,RR,Dubai International Cricket Stadium,2020,2020-10-14,7.833,6,0.611,0.167,15.667,82,1,9.111,41.0,165.47,189.0,7.867,180.67,161.4,161,0,0,1
1216544,46,1,5,1,18,35,RCB,CSK,Dubai International Cricket Stadium,2020,2020-10-25,7.667,6,0.514,0.171,23.0,55,1,6.111,27.5,165.47,174.25,7.548,178.0,152.43,145,0,0,1
1216545,40,1,2,2,14,36,SRH,KKR,Sheikh Zayed Stadium,2020,2020-09-26,6.667,4,0.389,0.111,20.0,59,1,6.556,29.5,162.48,170.73501577287067,8.5,183.0,157.8,142,0,0,1
1216546,53,1,7,2,19,36,DC,PBKS,Dubai International Cricket Stadium,2020,2020-10-20,8.833,9,0.528,0.25,26.5,64,2,7.111,21.333,165.47,184.33,7.542,169.0,144.0,164,0,0,1
1237177,63,1,8,2,13,35,MI,DC,Dubai International Cricket Stadium,2020,2020-11-05,10.5,10,0.371,0.286,31.5,59,3,6.556,14.75,165.47,184.71,7.667,179.0,169.41,200,0,0,1
1237178,32,2,3,0,17,36,RCB,SRH,Sheikh Zayed Stadium,2020,2020-11-06,5.333,3,0.472,0.083,10.667,61,2,6.778,20.333,162.48,159.75,7.548,145.33,173.78,131,0,0,1
1237180,65,0,9,2,12,35,DC,SRH,Sheikh Zayed Stadium,2020,2020-11-08,10.833,11,0.343,0.314,65.0,74,2,8.222,24.667,162.48,172.5,7.271,145.0,151.5,189,0,0,1
1237181,41,3,7,0,17,36,DC,MI,Dubai International Cricket Stadium,2020,2020-11-10,6.833,7,0.472,0.194,10.25,77,1,8.556,38.5,165.47,174.33,5.967,154.33,163.0,156,0,0,1
1254058,41,1,4,2,20,36,MI,RCB,"MA Chidambaram Stadium, Chepauk, Chennai",2021,2021-04-09,6.833,6,0.556,0.167,20.5,87,2,9.667,29.0,162.17,170.73501577287067,8.5,181.33,172.54,159,0,1,1
1254059,33,2,6,0,25,34,CSK,DC,"Wankhede Stadium, Mumbai",2021,2021-04-10,5.5,6,0.735,0.176,11.0,103,2,11.444,34.333,175.08,170.73501577287067,8.5,139.33,164.57,188,0,1,1
1254060,50,0,9,1,18,36,KKR,SRH,"MA Chidambaram Stadium, Chepauk, Chennai",2021,2021-04-11,8.333,10,0.5,0.278,50.0,95,1,10.556,47.5,162.17,170.73501577287067,8.5,170.67,161.14,187,0,1,1
1254061,46,1,6,0,18,36,PBKS,RR,"Wankhede Stadium, Mumbai",2021,2021-04-12,7.667,6,0.5,0.167,23.0,115,1,12.778,57.5,175.08,170.73501577287067,8.5,154.67,174.67,221,0,1,1
1254062,42,1,6,0,18,36,MI,KKR,"MA Chidambaram Stadium, Chepauk, Chennai",2021,2021-04-13,7.0,6,0.5,0.167,21.0,72,2,8.0,24.0,162.17,170.73501577287067,8.5,169.33,171.58,152,0,1,1
1254063,47,1,5,1,16,35,RCB,SRH,"MA Chidambaram Stadium, Chepauk, Chennai",2021,2021-04-14,7.833,6,0.457,0.171,23.5,56,3,6.222,14.0,162.17,170.73501577287067,8.5,134.33,169.5,149,0,1,1
1254064,36,3,5,0,19,36,DC,RR,"Wankhede Stadium, Mumbai",2021,2021-04-15,6.0,5,0.528,0.139,9.0,66,3,7.333,16.5,175.08,170.73501577287067,8.5,151.67,161.36,147,0,1,1
1254065,26,4,4,0,25,36,PBKS,CSK,"Wankhede Stadium, Mumbai",2021,2021-04-16,4.333,4,0.694,0.111,5.2,47,2,5.222,15.667,175.08,170.73501577287067,8.5,186.33,169.64,106,0,1,1
1254066,53,0,5,2,17,35,MI,SRH,"MA Chidambaram Stadium, Chepauk, Chennai",2021,2021-04-17,8.833,7,0.486,0.2,53.0,48,3,5.333,12.0,162.17,155.5,8.083,170.33,158.46,150,0,1,1
1254067,45,2,5,1,17,36,RCB,KKR,"MA Chidambaram Stadium, Chepauk, Chennai",2021,2021-04-18,7.5,6,0.472,0.167,15.0,89,1,9.889,44.5,162.17,170.73501577287067,8.5,144.0,172.89,204,0,1,1
1254068,59,0,9,1,17,34,PBKS,DC,"Wankhede Stadium, Mumbai",2021,2021-04-18,9.833,10,0.5,0.294,59.0,81,1,9.0,40.5,175.08,163.5,8.5,160.0,150.58,195,0,1,1
1254069,46,2,5,2,15,36,CSK,RR,"Wankhede Stadium, Mumbai",2021,2021-04-19,7.667,7,0.417,0.194,15.333,81,3,9.0,20.25,175.08,170.73501577287067,6.833,142.33,165.54,188,0,1,1
1254070,55,1,6,2,14,35,MI,DC,"MA Chidambaram Stadium, Chepauk, Chennai",2021,2021-04-20,9.167,8,0.4,0.229,27.5,46,5,5.111,7.667,162.17,153.67,7.667,153.67,171.11,137,0,1,1
1254071,32,1,3,0,16,36,PBKS,SRH,"MA Chidambaram Stadium, Chepauk, Chennai",2021,2021-04-21,5.333,3,0.444,0.083,16.0,62,5,6.889,10.333,162.17,174.0,8.333,174.0,159.44,120,0,1,1
1254072,54,0,6,2,15,36,CSK,KKR,"Wankhede Stadium, Mumbai",2021,2021-04-21,9.0,8,0.417,0.222,54.0,90,1,10.0,45.0,175.08,188.0,7.25,163.33,164.73,220,0,1,1
1254073,32,3,6,0,24,36,RR,RCB,"Wankhede Stadium, Mumbai",2021,2021-04-22,5.333,6,0.667,0.167,8.0,96,2,10.667,32.0,175.08,170.73501577287067,8.5,161.67,156.27,177,0,1,1
1254074,21,1,1,0,18,36,MI,PBKS,"MA Chidambaram Stadium, Chepauk, Chennai",2021,2021-04-23,3.5,1,0.5,0.028,10.5,76,1,8.444,38.0,162.17,149.5,8.5,146.33,168.8,131,0,1,1
1254075,25,1,2,0,24,36,KKR,RR,"Wankhede Stadium, Mumbai",2021,2021-04-24,4.167,2,0.667,0.056,12.5,68,3,7.556,17.0,175.08,170.73501577287067,7.111,183.33,171.2,133,0,1,1
1254076,51,0,7,1,15,36,CSK,RCB,"Wankhede Stadium, Mumbai",2021,2021-04-25,8.5,8,0.417,0.222,51.0,66,3,7.333,16.5,175.08,198.67,6.083,198.67,161.5,191,0,1,1
1254078,37,1,3,2,21,35,PBKS,KKR,"Narendra Modi Stadium, Ahmedabad",2021,2021-04-26,6.167,5,0.6,0.143,18.5,45,5,5.0,7.5,174.93,160.5,7.833,140.33,156.94,123,0,1,1
1254079,36,2,6,0,21,36,RCB,DC,"Narendra Modi Stadium, Ahmedabad",2021,2021-04-27,6.0,6,0.583,0.167,12.0,79,2,8.778,26.333,174.93,176.5,8.167,161.33,168.55,171,0,1,1
1254080,39,1,4,0,17,35,SRH,CSK,"Arun Jaitley Stadium, Delhi",2021,2021-04-28,6.5,4,0.486,0.114,19.5,74,0,8.222,74.0,182.64,170.73501577287067,8.5,192.67,166.8,171,0,1,1
1254081,47,0,5,2,17,35,RR,MI,"Arun Jaitley Stadium, Delhi",2021,2021-04-29,7.833,7,0.486,0.2,47.0,79,2,8.778,26.333,182.64,170.73501577287067,8.5,169.33,157.17,171,0,1,1
1254082,45,1,5,1,13,35,KKR,DC,"Narendra Modi Stadium, Ahmedabad",2021,2021-04-29,7.5,6,0.371,0.171,22.5,50,4,5.556,10.0,174.93,160.0,7.625,170.33,157.15,154,0,1,1
1254083,49,1,7,1,18,36,PBKS,RCB,"Narendra Modi Stadium, Ahmedabad",2021,2021-04-30,8.167,8,0.5,0.222,24.5,70,4,7.778,14.0,174.93,153.0,6.889,146.0,167.55,179,0,1,1
1254084,49,1,5,3,19,34,CSK,MI,"Arun Jaitley Stadium, Delhi",2021,2021-05-01,8.167,8,0.559,0.235,24.5,87,3,9.667,21.75,182.64,196.75,8.5,199.67,162.54,218,0,1,1
1254085,42,1,5,1,20,34,RR,SRH,"Arun Jaitley Stadium, Delhi",2021,2021-05-02,7.0,6,0.588,0.176,21.0,104,0,11.556,104.0,182.64,174.0,7.583,167.33,152.4,220,0,1,1
1254086,39,2,2,2,14,36,PBKS,DC,"Narendra Modi Stadium, Ahmedabad",2021,2021-05-02,6.5,4,0.389,0.111,13.0,63,2,7.0,21.0,174.93,157.33,7.6,140.67,154.0,166,0,1,1
1254087,41,2,5,0,19,36,RCB,KKR,"Zayed Cricket Stadium, Abu Dhabi",2021,2021-09-20,6.833,5,0.528,0.139,13.667,34,5,3.778,5.667,159.0,174.67,7.417,174.67,176.0,92,0,1,1
1254088,83,1,13,2,7,36,MI,SRH,"Zayed Cricket Stadium, Abu Dhabi",2021,2021-10-08,13.833,15,0.194,0.417,41.5,94,4,10.444,18.8,159.0,144.71,7.19,138.33,157.86,235,0,1,1
1254089,44,0,5,1,14,36,CSK,RR,"Zayed Cricket Stadium, Abu Dhabi",2021,2021-10-02,7.333,6,0.389,0.167,44.0,72,3,8.0,18.0,159.0,193.5,6.3,188.33,167.14,189,0,1,1
1254090,55,0,6,2,18,36,RCB,PBKS,Sharjah Cricket Stadium,2021,2021-10-03,9.167,8,0.5,0.222,55.0,54,3,6.0,13.5,159.27,156.17,7.0,137.67,168.21,164,0,1,1
1254091,41,1,3,2,19,35,SRH,CSK,Sharjah Cricket Stadium,2021,2021-09-30,6.833,5,0.543,0.143,20.5,56,3,6.222,14.0,159.27,152.5,7.083,174.67,167.18,134,0,1,1
1254092,39,1,6,0,18,36,DC,KKR,Sharjah Cricket Stadium,2021,2021-09-28,6.5,6,0.5,0.167,19.5,50,4,5.556,10.0,159.27,150.5,7.639,152.33,165.73,127,0,1,1
1254093,41,2,6,1,22,36,RR,MI,Sharjah Cricket Stadium,2021,2021-10-05,6.833,7,0.611,0.194,13.667,30,4,3.333,6.0,159.27,177.67,6.867,166.0,159.14,90,0,1,1
1254094,30,2,3,0,19,36,CSK,PBKS,Dubai International Cricket Stadium,2021,2021-10-07,5.0,3,0.528,0.083,10.0,52,3,5.778,13.0,165.47,185.75,7.542,160.33,175.8,134,0,1,1
1254095,50,1,7,1,19,36,SRH,RCB,"Zayed Cricket Stadium, Abu Dhabi",2021,2021-10-06,8.333,8,0.528,0.222,25.0,57,3,6.333,14.25,159.0,138.5,7.633,127.67,168.12,141,0,1,1
1254096,56,0,5,3,16,36,MI,KKR,"Zayed Cricket Stadium, Abu Dhabi",2021,2021-09-23,9.333,8,0.444,0.222,56.0,50,3,5.556,12.5,159.0,145.8,7.3,139.33,170.08,155,0,1,1
1254097,36,2,3,0,18,36,DC,RR,"Zayed Cricket Stadium, Abu Dhabi",2021,2021-09-25,6.0,3,0.5,0.083,12.0,68,2,7.556,22.667,159.0,170.73501577287067,6.375,164.0,160.17,154,0,1,1
1254098,50,2,7,1,16,36,KKR,CSK,"Zayed Cricket Stadium, Abu Dhabi",2021,2021-09-26,8.333,8,0.444,0.222,16.667,68,2,7.556,22.667,159.0,158.0,6.667,158.0,152.56,171,0,1,1
1254099,38,1,4,0,15,36,PBKS,MI,"Zayed Cricket Stadium, Abu Dhabi",2021,2021-09-28,6.333,4,0.417,0.111,19.0,67,3,7.444,16.75,159.0,154.38,7.0,156.67,172.4,135,0,1,1
1254100,49,1,8,0,12,36,RR,SRH,Dubai International Cricket Stadium,2021,2021-09-27,8.167,8,0.333,0.222,24.5,64,2,7.111,21.333,165.47,188.25,7.028,192.0,163.67,164,0,1,1
1254101,55,0,6,1,12,35,DC,RCB,Dubai International Cricket Stadium,2021,2021-10-08,9.167,7,0.343,0.2,55.0,73,3,8.111,18.25,165.47,142.67,7.75,142.67,164.0,164,0,1,1
1254102,48,1,7,0,16,36,KKR,PBKS,Dubai International Cricket Stadium,2021,2021-10-01,8.0,7,0.444,0.194,24.0,73,2,8.111,24.333,165.47,161.25,6.5,152.67,182.11,165,0,1,1
1254103,56,0,4,4,14,36,RR,RCB,Dubai International Cricket Stadium,2021,2021-09-29,9.333,8,0.389,0.222,56.0,64,5,7.111,10.667,165.47,183.4,7.208,189.67,158.0,149,0,1,1
1254104,24,5,4,0,26,34,CSK,MI,Dubai International Cricket Stadium,2021,2021-09-19,4.0,4,0.765,0.118,4.0,63,0,7.0,63.0,165.47,201.0,8.0,209.67,166.5,156,0,1,1
1254105,32,2,2,1,22,34,SRH,DC,Dubai International Cricket Stadium,2021,2021-09-22,5.333,3,0.647,0.088,10.667,58,3,6.444,14.5,165.47,170.73501577287067,7.417,182.67,168.41,134,0,1,1
1254106,34,0,3,1,22,36,KKR,RR,Sharjah Cricket Stadium,2021,2021-10-07,5.667,4,0.611,0.111,34.0,93,2,10.333,31.0,159.27,162.0,6.472,163.33,164.83,171,0,1,1
1254107,29,2,3,0,21,35,PBKS,SRH,Sharjah Cricket Stadium,2021,2021-09-25,4.833,3,0.6,0.086,9.667,64,3,7.111,16.0,159.27,158.57,7.467,156.0,155.5,125,0,1,1
1254108,48,1,4,3,20,34,RCB,MI,Dubai International Cricket Stadium,2021,2021-09-26,8.0,7,0.588,0.206,24.0,71,1,7.889,35.5,165.47,154.4,6.667,139.67,164.31,165,0,1,1
1254109,35,2,6,0,24,36,SRH,KKR,Dubai International Cricket Stadium,2021,2021-10-03,5.833,6,0.667,0.167,11.667,44,3,4.889,11.0,165.47,146.33,7.476,146.33,156.36,115,0,1,1
1254110,48,2,5,0,20,35,CSK,DC,Dubai International Cricket Stadium,2021,2021-10-04,8.0,5,0.571,0.143,16.0,45,2,5.0,15.0,165.47,192.86,6.958,187.67,166.13,136,0,1,1
1254111,57,1,10,1,18,35,RR,PBKS,Dubai International Cricket Stadium,2021,2021-09-21,9.5,11,0.514,0.314,28.5,83,3,9.222,20.75,165.47,189.33,8.5,189.33,178.12,185,0,1,1
1254112,35,1,2,2,21,36,MI,DC,Sharjah Cricket Stadium,2021,2021-10-02,5.833,4,0.583,0.111,17.5,52,4,5.778,10.4,159.27,147.33,7.119,141.0,169.32,129,0,1,1
1254113,55,0,6,2,12,36,RCB,CSK,Sharjah Cricket Stadium,2021,2021-09-24,9.167,8,0.333,0.222,55.0,63,1,7.0,31.5,159.27,154.0,5.417,155.67,151.93,156,0,1,1
1254114,51,2,6,3,18,36,DC,CSK,Dubai International Cricket Stadium,2021,2021-10-10,8.5,9,0.5,0.25,17.0,63,2,7.0,21.0,165.47,148.0,7.033,148.33,164.89,172,0,1,1
1254115,53,1,6,0,11,35,RCB,KKR,Sharjah Cricket Stadium,2021,2021-10-11,8.833,6,0.314,0.171,26.5,55,3,6.111,13.75,159.27,157.29,7.271,161.67,168.36,138,0,1,1
1254116,38,1,2,3,19,36,DC,KKR,Sharjah Cricket Stadium,2021,2021-10-13,6.333,5,0.528,0.139,19.0,52,2,5.778,17.333,159.27,152.8,7.444,154.33,162.5,135,0,1,1
1254117,50,0,6,1,14,35,CSK,KKR,Dubai International Cricket Stadium,2021,2021-10-15,8.333,7,0.4,0.2,50.0,81,2,9.0,27.0,165.47,180.0,7.333,153.0,169.33,192,0,1,1
1304047,35,2,3,2,26,36,CSK,KKR,"Wankhede Stadium, Mumbai",2022,2022-03-26,5.833,5,0.722,0.139,11.667,38,3,4.222,9.5,175.08,170.73501577287067,8.5,154.0,171.08,131,0,1,0
1304048,53,0,6,3,19,36,MI,DC,"Brabourne Stadium, Mumbai",2022,2022-03-27,8.833,9,0.528,0.25,53.0,65,3,7.222,16.25,177.25,170.73501577287067,8.5,173.0,167.3,177,0,1,0
1304049,41,0,3,1,26,34,RCB,PBKS,"Dr DY Patil Sports Academy, Mumbai",2022,2022-03-27,6.833,4,0.765,0.118,41.0,101,1,11.222,50.5,170.7,170.73501577287067,8.5,155.67,167.93,205,0,1,0
1304050,32,4,4,0,24,36,LSG,GT,"Wankhede Stadium, Mumbai",2022,2022-03-28,5.333,4,0.667,0.111,6.4,77,0,8.556,77.0,175.08,170.73501577287067,8.5,170.73501577287067,170.73501577287067,158,0,1,0
1304051,58,0,5,4,23,36,RR,SRH,"Maharashtra Cricket Association Stadium, Pune",2022,2022-03-29,9.667,9,0.639,0.25,58.0,90,3,10.0,22.5,171.46,170.73501577287067,8.5,134.33,163.71,210,0,1,0
1304052,44,3,5,1,19,34,KKR,RCB,"Dr DY Patil Sports Academy, Mumbai",2022,2022-03-30,7.333,6,0.559,0.176,11.0,57,6,6.333,8.143,170.7,170.73501577287067,8.5,169.0,158.38,128,0,1,0
1304053,73,1,10,3,17,34,CSK,LSG,"Brabourne Stadium, Mumbai",2022,2022-03-31,12.167,13,0.5,0.382,36.5,74,2,8.222,24.667,177.25,170.73501577287067,8.5,152.33,170.73501577287067,210,0,1,0
1304054,62,3,4,5,19,34,PBKS,KKR,"Wankhede Stadium, Mumbai",2022,2022-04-01,10.333,9,0.559,0.265,15.5,40,5,4.444,6.667,175.08,170.73501577287067,8.5,142.0,154.94,137,0,1,0
1304055,48,2,4,4,21,36,RR,MI,"Dr DY Patil Sports Academy, Mumbai",2022,2022-04-02,8.0,8,0.583,0.222,16.0,90,1,10.0,45.0,170.7,170.73501577287067,8.5,149.67,150.5,193,0,1,0
1304056,44,1,3,1,14,34,GT,DC,"Maharashtra Cricket Association Stadium, Pune",2022,2022-04-02,7.333,4,0.412,0.118,22.0,76,2,8.444,25.333,171.46,170.73501577287067,8.5,170.73501577287067,170.73501577287067,171,0,1,0
1304057,72,2,7,5,22,36,PBKS,CSK,"Brabourne Stadium, Mumbai",2022,2022-04-03,12.0,12,0.611,0.333,24.0,75,3,8.333,18.75,177.25,170.73501577287067,8.5,132.33,164.33,180,0,1,0
1304058,32,3,3,1,19,36,LSG,SRH,"Dr DY Patil Sports Academy, Mumbai",2022,2022-04-04,5.333,4,0.528,0.111,8.0,82,0,9.111,82.0,170.7,170.73501577287067,8.5,158.0,170.73501577287067,169,0,1,0
1304059,35,1,1,1,17,35,RR,RCB,"Wankhede Stadium, Mumbai",2022,2022-04-05,5.833,2,0.486,0.057,17.5,68,2,7.556,22.667,175.08,201.5,8.5,164.33,157.31,169,0,1,0
1304060,35,1,3,1,18,35,MI,KKR,"Maharashtra Cricket Association Stadium, Pune",2022,2022-04-06,5.833,4,0.514,0.114,17.5,50,2,5.556,16.667,171.46,170.73501577287067,8.083,180.33,169.0,161,0,1,0
1304061,52,0,8,1,20,36,DC,LSG,"Dr DY Patil Sports Academy, Mumbai",2022,2022-04-07,8.667,9,0.556,0.25,52.0,47,3,5.222,11.75,170.7,170.73501577287067,8.5,157.0,170.73501577287067,149,0,1,0
1304062,43,2,8,0,19,35,PBKS,GT,"Brabourne Stadium, Mumbai",2022,2022-04-08,7.167,8,0.543,0.229,14.333,109,3,12.111,27.25,177.25,158.5,8.5,150.67,170.73501577287067,189,0,1,0
1304063,41,2,5,0,19,36,CSK,SRH,"Dr DY Patil Sports Academy, Mumbai",2022,2022-04-09,6.833,5,0.528,0.139,13.667,67,2,7.444,22.333,170.7,170.5,7.5,177.67,170.21,154,0,1,0
1304064,49,0,7,1,20,36,MI,RCB,"Maharashtra Cricket Association Stadium, Pune",2022,2022-04-09,8.167,8,0.556,0.222,49.0,43,6,4.778,6.143,171.46,169.0,6.583,191.0,171.57,151,0,1,0
1304065,68,0,10,2,15,35,DC,KKR,"Brabourne Stadium, Mumbai",2022,2022-04-10,11.333,12,0.429,0.343,68.0,93,3,10.333,23.25,177.25,170.73501577287067,7.333,152.0,160.38,215,0,1,0
1304066,44,1,6,1,23,35,RR,LSG,"Wankhede Stadium, Mumbai",2022,2022-04-10,7.333,7,0.657,0.2,22.0,48,3,5.333,12.0,175.08,190.67,10.417,190.67,170.73501577287067,165,0,1,0
1304067,51,2,7,0,21,35,GT,SRH,"Dr DY Patil Sports Academy, Mumbai",2022,2022-04-11,8.5,7,0.6,0.2,17.0,67,2,7.444,22.333,170.7,170.73501577287067,7.278,171.0,170.73501577287067,162,0,1,0
1304068,35,1,4,1,20,35,CSK,RCB,"Dr DY Patil Sports Academy, Mumbai",2022,2022-04-12,5.833,5,0.571,0.143,17.5,98,1,10.889,49.0,170.7,165.0,7.111,165.0,164.18,216,0,1,0
1304069,65,0,7,2,17,34,PBKS,MI,"Maharashtra Cricket Association Stadium, Pune",2022,2022-04-13,10.833,9,0.5,0.265,65.0,67,3,7.444,16.75,171.46,168.67,8.5,168.67,170.06,198,0,1,0
1304070,42,2,7,0,17,36,GT,RR,"Dr DY Patil Sports Academy, Mumbai",2022,2022-04-14,7.0,7,0.472,0.194,14.0,88,1,9.778,44.0,170.7,166.5,8.5,166.5,170.73501577287067,192,0,1,0
1304071,38,3,3,2,24,34,KKR,SRH,"Brabourne Stadium, Mumbai",2022,2022-04-15,6.333,5,0.706,0.147,9.5,82,2,9.111,27.333,177.25,170.73501577287067,7.583,154.67,162.87,175,0,1,0
1304072,57,1,8,2,15,35,LSG,MI,"Brabourne Stadium, Mumbai",2022,2022-04-16,9.5,10,0.429,0.286,28.5,93,1,10.333,46.5,177.25,163.5,9.417,163.5,170.73501577287067,199,0,1,0
1304073,40,2,7,0,20,36,RCB,DC,"Wankhede Stadium, Mumbai",2022,2022-04-16,6.667,7,0.556,0.194,13.333,75,3,8.333,18.75,175.08,170.73501577287067,8.083,169.0,168.75,189,0,1,0
1304074,48,2,7,1,18,36,PBKS,SRH,"Dr DY Patil Sports Academy, Mumbai",2022,2022-04-17,8.0,8,0.5,0.222,16.0,74,2,8.222,24.667,170.7,176.0,7.333,189.0,152.73,151,0,1,0
1304075,39,2,3,2,25,36,CSK,GT,"Maharashtra Cricket Association Stadium, Pune",2022,2022-04-17,6.5,5,0.694,0.139,13.0,86,1,9.556,43.0,171.46,177.75,6.25,193.33,170.73501577287067,169,0,1,0
1304076,60,0,6,3,18,32,RR,KKR,"Brabourne Stadium, Mumbai",2022,2022-04-18,10.0,9,0.562,0.281,60.0,103,1,11.444,51.5,177.25,184.25,8.333,175.67,147.87,217,0,1,0
1304077,47,3,6,1,18,35,RCB,LSG,"Dr DY Patil Sports Academy, Mumbai",2022,2022-04-19,7.833,7,0.514,0.2,11.75,83,1,9.222,41.5,170.7,197.0,9.389,177.33,170.73501577287067,181,0,1,0
1304078,47,3,7,0,17,35,PBKS,DC,"Brabourne Stadium, Mumbai",2022,2022-04-20,7.833,7,0.486,0.2,11.75,49,5,5.444,8.167,177.25,171.0,7.611,179.33,154.86,115,0,1,0
1304079,42,3,4,1,18,36,MI,CSK,"Dr DY Patil Sports Academy, Mumbai",2022,2022-04-21,7.0,5,0.5,0.139,10.5,58,2,6.444,19.333,170.7,163.0,8.5,163.0,162.06,155,0,1,0
1304080,44,0,5,2,20,35,RR,DC,"Wankhede Stadium, Mumbai",2022,2022-04-22,7.333,7,0.571,0.2,44.0,111,0,12.333,111.0,175.08,190.8,7.667,183.67,162.67,222,0,1,0
1304081,47,1,4,1,15,35,GT,KKR,"Dr DY Patil Sports Academy, Mumbai",2022,2022-04-23,7.833,5,0.429,0.143,23.5,80,1,8.889,40.0,170.7,175.0,8.667,175.0,170.73501577287067,156,0,1,0
1304082,31,4,4,0,29,36,RCB,SRH,"Brabourne Stadium, Mumbai",2022,2022-04-23,5.167,4,0.806,0.111,6.2,34,4,3.778,6.8,177.25,191.67,7.444,191.67,167.64,68,0,1,0
1304083,32,1,3,1,20,36,LSG,MI,"Wankhede Stadium, Mumbai",2022,2022-04-24,5.333,4,0.556,0.111,16.0,84,3,9.333,21.0,175.08,175.33,9.444,175.33,170.73501577287067,168,0,1,0
1304084,37,1,2,1,17,35,PBKS,CSK,"Wankhede Stadium, Mumbai",2022,2022-04-25,6.167,3,0.486,0.086,18.5,86,0,9.556,86.0,175.08,161.67,9.5,154.67,165.54,187,0,1,0
1304085,43,3,6,2,24,36,RR,RCB,"Maharashtra Cricket Association Stadium, Pune",2022,2022-04-26,7.167,8,0.667,0.222,10.75,57,2,6.333,19.0,171.46,196.0,6.792,201.33,158.14,144,0,1,0
1304086,53,2,7,1,23,36,SRH,GT,"Wankhede Stadium, Mumbai",2022,2022-04-27,8.833,8,0.639,0.222,17.667,87,0,9.667,87.0,175.08,170.73501577287067,6.333,130.0,170.73501577287067,195,0,1,0
1304087,29,2,1,0,18,34,KKR,DC,"Wankhede Stadium, Mumbai",2022,2022-04-28,4.833,1,0.529,0.029,9.667,60,4,6.667,12.0,175.08,151.5,7.6,158.0,156.93,146,0,1,0
1304088,39,1,1,2,21,34,LSG,PBKS,"Maharashtra Cricket Association Stadium, Pune",2022,2022-04-29,6.5,3,0.618,0.088,19.5,70,4,7.778,14.0,171.46,173.5,8.5,178.67,170.73501577287067,153,0,1,0
1304089,43,1,7,0,19,35,RCB,GT,"Brabourne Stadium, Mumbai",2022,2022-04-30,7.167,7,0.543,0.2,21.5,74,1,8.222,37.0,177.25,160.75,6.958,146.0,170.73501577287067,170,0,1,0
1304090,40,1,6,0,22,36,RR,MI,"Dr DY Patil Sports Academy, Mumbai",2022,2022-04-30,6.667,6,0.611,0.167,20.0,62,2,6.889,20.667,170.7,188.57,8.417,194.33,155.22,158,0,1,0
1304091,57,1,6,2,15,36,LSG,DC,"Wankhede Stadium, Mumbai",2022,2022-05-01,9.5,8,0.417,0.222,28.5,88,1,9.778,44.0,175.08,169.4,7.139,173.33,170.73501577287067,195,0,1,0
1304092,40,0,2,2,18,33,CSK,SRH,"Maharashtra Cricket Association Stadium, Pune",2022,2022-05-01,6.667,4,0.545,0.121,40.0,113,0,12.556,113.0,171.46,176.0,7.119,179.67,169.13,202,0,1,0
1304093,38,1,5,1,23,36,RR,KKR,"Wankhede Stadium, Mumbai",2022,2022-05-02,6.333,6,0.639,0.167,19.0,67,2,7.444,22.333,175.08,184.75,8.528,174.67,152.19,152,0,1,0
1304094,42,2,5,1,24,35,GT,PBKS,"Dr DY Patil Sports Academy, Mumbai",2022,2022-05-03,7.0,6,0.686,0.171,14.0,56,2,6.222,18.667,170.7,170.25,6.667,170.0,170.73501577287067,143,0,1,0
1304095,57,0,6,2,16,36,RCB,CSK,"Maharashtra Cricket Association Stadium, Pune",2022,2022-05-04,9.5,8,0.444,0.222,57.0,66,3,7.333,16.5,171.46,162.6,8.389,139.67,152.19,173,0,1,0
1304096,50,2,7,1,22,36,DC,SRH,"Brabourne Stadium, Mumbai",2022,2022-05-05,8.333,8,0.611,0.222,16.667,87,1,9.667,43.5,177.25,182.0,7.062,166.33,154.91,207,0,1,0
1304097,63,0,8,2,13,35,MI,GT,"Brabourne Stadium, Mumbai",2022,2022-05-06,10.5,10,0.371,0.286,63.0,57,4,6.333,11.4,177.25,161.0,7.0,155.67,170.73501577287067,177,0,1,0
1304098,48,1,7,1,22,35,PBKS,RR,"Wankhede Stadium, Mumbai",2022,2022-05-07,8.0,8,0.629,0.229,24.0,74,3,8.222,18.5,175.08,165.29,8.5,151.0,178.23,189,0,1,0
1304099,66,1,7,4,15,36,LSG,KKR,"Maharashtra Cricket Association Stadium, Pune",2022,2022-05-07,11.0,11,0.417,0.306,33.0,57,3,6.333,14.25,171.46,173.67,8.214,172.0,170.73501577287067,176,0,1,0
1304100,47,1,4,2,19,36,RCB,SRH,"Wankhede Stadium, Mumbai",2022,2022-05-08,7.833,6,0.528,0.167,23.5,78,1,8.667,39.0,175.08,164.33,7.204,137.0,159.33,192,0,1,0
1304101,57,0,4,3,13,36,CSK,DC,"Dr DY Patil Sports Academy, Mumbai",2022,2022-05-08,9.5,7,0.361,0.194,57.0,91,1,10.111,45.5,170.7,180.33,7.476,195.67,164.25,208,0,1,0
1304102,64,1,5,4,20,35,KKR,MI,"Dr DY Patil Sports Academy, Mumbai",2022,2022-05-09,10.667,9,0.571,0.257,32.0,76,4,8.444,15.2,170.7,149.67,8.067,149.67,153.47,165,0,1,0
1304103,35,2,6,0,19,36,GT,LSG,"Maharashtra Cricket Association Stadium, Pune",2022,2022-05-10,5.833,6,0.528,0.167,11.667,57,1,6.333,28.5,171.46,164.8,9.0,163.67,170.73501577287067,144,0,1,0
1304104,43,1,5,2,22,36,RR,DC,"Dr DY Patil Sports Academy, Mumbai",2022,2022-05-11,7.167,7,0.611,0.194,21.5,73,2,8.111,24.333,170.7,181.11,7.729,151.33,168.6,160,0,1,0
1304105,32,5,4,0,29,36,CSK,MI,"Wankhede Stadium, Mumbai",2022,2022-05-12,5.333,4,0.806,0.111,5.333,55,4,6.111,11.0,175.08,184.29,8.5,193.0,165.8,97,0,1,0
1304106,83,1,5,8,15,35,PBKS,RCB,"Brabourne Stadium, Mumbai",2022,2022-05-13,13.833,13,0.429,0.371,41.5,69,3,7.667,17.25,177.25,168.25,6.867,163.67,168.5,209,0,1,0
1304107,55,1,2,5,19,34,KKR,SRH,"Maharashtra Cricket Association Stadium, Pune",2022,2022-05-14,9.167,7,0.559,0.206,27.5,64,4,7.111,12.8,171.46,153.5,7.267,162.0,163.62,177,0,1,0
1304108,47,1,2,3,16,36,CSK,GT,"Wankhede Stadium, Mumbai",2022,2022-05-15,7.833,5,0.444,0.139,23.5,62,1,6.889,31.0,175.08,173.38,7.583,169.0,170.73501577287067,133,0,1,0
1304109,51,1,9,1,22,36,RR,LSG,"Brabourne Stadium, Mumbai",2022,2022-05-15,8.5,10,0.611,0.278,25.5,79,3,8.778,19.75,177.25,179.0,8.367,156.67,170.73501577287067,178,0,1,0
1304110,59,2,6,3,15,36,DC,PBKS,"Dr DY Patil Sports Academy, Mumbai",2022,2022-05-16,9.833,9,0.417,0.25,19.667,57,3,6.333,14.25,170.7,190.33,6.778,190.33,145.82,159,0,1,0
1304111,57,1,7,2,16,35,SRH,MI,"Wankhede Stadium, Mumbai",2022,2022-05-17,9.5,9,0.457,0.257,28.5,91,1,10.111,45.5,175.08,170.73501577287067,8.048,150.33,146.58,193,0,1,0
1304112,44,0,4,2,16,36,LSG,KKR,"Dr DY Patil Sports Academy, Mumbai",2022,2022-05-18,7.333,6,0.444,0.167,44.0,78,0,8.667,78.0,170.7,174.0,8.562,174.67,170.73501577287067,210,0,1,0
1304113,38,2,5,2,23,36,GT,RCB,"Wankhede Stadium, Mumbai",2022,2022-05-19,6.333,7,0.639,0.194,12.667,80,1,8.889,40.0,175.08,161.33,8.028,147.67,170.73501577287067,168,0,1,0
1304114,75,1,11,4,16,36,CSK,RR,"Brabourne Stadium, Mumbai",2022,2022-05-20,12.5,15,0.444,0.417,37.5,42,3,4.667,10.5,177.25,168.89,7.5,146.0,168.6,150,0,1,0
1304115,37,3,3,2,21,35,DC,MI,"Wankhede Stadium, Mumbai",2022,2022-05-21,6.167,5,0.6,0.143,9.25,69,1,7.667,34.5,175.08,182.5,8.229,193.67,162.3,159,0,1,0
1304116,43,1,6,1,20,36,SRH,PBKS,"Wankhede Stadium, Mumbai",2022,2022-05-22,7.167,7,0.556,0.194,21.5,53,4,5.889,10.6,175.08,194.0,7.542,176.33,175.35,157,0,1,0
1312197,55,1,6,3,24,36,RR,GT,"Eden Gardens, Kolkata",2022,2022-05-24,9.167,9,0.667,0.25,27.5,69,2,7.667,23.0,193.89,178.91,7.619,163.33,170.73501577287067,188,0,1,0
1312198,52,1,8,1,18,36,RCB,LSG,"Eden Gardens, Kolkata",2022,2022-05-25,8.667,9,0.5,0.25,26.0,71,3,7.889,17.75,193.89,168.29,8.389,178.33,170.73501577287067,207,0,1,0
1312199,46,1,6,1,22,34,RCB,RR,"Narendra Modi Stadium, Ahmedabad",2022,2022-05-27,7.667,7,0.647,0.206,23.0,77,2,8.556,25.667,174.93,173.12,9.167,190.67,147.89,157,0,1,0
1312200,44,1,4,2,18,35,RR,GT,"Narendra Modi Stadium, Ahmedabad",2022,2022-05-29,7.333,6,0.514,0.171,22.0,50,4,5.556,10.0,174.93,179.67,7.813,175.33,170.73501577287067,130,0,1,0
1359475,51,2,7,2,19,35,CSK,GT,"Narendra Modi Stadium, Ahmedabad",2023,2023-03-31,8.5,9,0.543,0.257,17.0,82,2,9.111,27.333,174.93,170.73501577287067,8.5,126.67,151.0,178,1,1,0
1359477,30,1,1,1,19,35,LSG,DC,"Bharat Ratna Shri Atal Bihari Vajpayee Ekana Cricket Stadium, Lucknow",2023,2023-04-01,5.0,2,0.543,0.057,15.0,97,3,10.778,24.25,151.83,170.73501577287067,8.5,193.67,170.73501577287067,193,1,1,0
1359478,85,1,13,3,13,36,RR,SRH,"Rajiv Gandhi International Stadium, Uppal, Hyderabad",2023,2023-04-02,14.167,16,0.361,0.444,42.5,75,2,8.333,25.0,174.43,170.73501577287067,8.5,165.33,169.5,203,1,1,0
1359479,29,3,3,1,24,36,MI,RCB,"M Chinnaswamy Stadium, Bengaluru",2023,2023-04-02,4.833,4,0.667,0.111,7.25,73,2,8.111,24.333,195.57,170.73501577287067,8.5,161.0,170.2,171,1,1,0
1359480,79,0,6,4,11,35,CSK,LSG,"MA Chidambaram Stadium, Chepauk, Chennai",2023,2023-04-03,13.167,10,0.314,0.286,79.0,85,3,9.444,21.25,162.17,170.73501577287067,8.5,153.67,170.73501577287067,217,1,1,0
1359481,52,2,7,0,26,35,DC,GT,"Arun Jaitley Stadium, Delhi",2023,2023-04-04,8.667,7,0.743,0.2,17.333,69,3,7.667,17.25,182.64,170.73501577287067,8.5,175.0,170.73501577287067,162,1,1,0
1359482,63,0,9,2,18,36,PBKS,RR,"Barsapara Cricket Stadium, Guwahati",2023,2023-04-05,10.5,11,0.5,0.306,63.0,89,2,9.889,29.667,198.0,170.73501577287067,8.5,195.0,179.0,197,1,1,0
1359483,47,2,4,1,27,34,KKR,RCB,"Eden Gardens, Kolkata",2023,2023-04-06,7.833,5,0.794,0.147,15.667,93,3,10.333,23.25,193.89,170.73501577287067,8.5,162.67,156.59,204,1,1,0
1359484,43,1,5,1,17,35,SRH,LSG,"Bharat Ratna Shri Atal Bihari Vajpayee Ekana Cricket Stadium, Lucknow",2023,2023-04-07,7.167,6,0.486,0.171,21.5,40,3,4.444,10.0,151.83,170.73501577287067,8.5,181.67,170.73501577287067,121,1,1,0
1359485,68,0,14,0,16,36,RR,DC,"Barsapara Cricket Stadium, Guwahati",2023,2023-04-08,11.333,14,0.444,0.389,68.0,62,3,6.889,15.5,198.0,170.73501577287067,8.5,173.67,167.82,199,1,1,0
1359486,61,1,9,1,12,35,MI,CSK,"Wankhede Stadium, Mumbai",2023,2023-04-08,10.167,10,0.343,0.286,30.5,48,5,5.333,8.0,175.08,170.73501577287067,8.5,167.67,161.67,157,1,1,0
1359487,54,1,7,0,21,33,GT,KKR,"Narendra Modi Stadium, Ahmedabad",2023,2023-04-09,9.0,7,0.636,0.212,27.0,78,2,8.667,26.0,174.93,170.73501577287067,8.5,151.67,170.73501577287067,204,1,1,0
1359488,41,3,6,1,26,36,PBKS,SRH,"Rajiv Gandhi International Stadium, Uppal, Hyderabad",2023,2023-04-09,6.833,7,0.722,0.194,10.25,47,6,5.222,6.714,174.43,170.73501577287067,8.5,198.33,152.58,143,1,1,0
1359489,56,0,5,3,13,35,RCB,LSG,"M Chinnaswamy Stadium, Bengaluru",2023,2023-04-10,9.333,8,0.371,0.229,56.0,81,1,9.0,40.5,195.57,170.73501577287067,10.167,185.33,194.0,212,1,1,0
1359490,51,1,10,0,17,36,DC,MI,"Arun Jaitley Stadium, Delhi",2023,2023-04-11,8.5,10,0.472,0.278,25.5,72,4,8.0,14.4,182.64,170.73501577287067,8.5,160.0,162.0,172,1,1,0
1359491,57,1,8,1,10,36,RR,CSK,"MA Chidambaram Stadium, Chepauk, Chennai",2023,2023-04-12,9.5,9,0.278,0.25,28.5,78,3,8.667,19.5,162.17,201.0,8.5,177.33,164.7,175,1,1,0
1359492,52,2,8,1,26,35,PBKS,GT,"Punjab Cricket Association IS Bindra Stadium, Mohali, Chandigarh",2023,2023-04-13,8.667,9,0.743,0.257,17.333,47,2,5.222,15.667,199.5,170.0,8.583,183.0,170.73501577287067,153,1,1,0
1359493,65,2,7,2,14,36,SRH,KKR,"Eden Gardens, Kolkata",2023,2023-04-14,10.833,9,0.389,0.25,21.667,92,1,10.222,46.0,193.89,170.73501577287067,8.5,157.0,152.92,228,1,1,0
1359494,47,1,6,1,15,36,RCB,DC,"M Chinnaswamy Stadium, Bengaluru",2023,2023-04-15,7.833,7,0.417,0.194,23.5,87,5,9.667,14.5,195.57,170.73501577287067,8.167,192.0,170.31,174,1,1,0
1359495,49,0,4,3,17,36,LSG,PBKS,"Bharat Ratna Shri Atal Bihari Vajpayee Ekana Cricket Stadium, Lucknow",2023,2023-04-15,8.167,7,0.472,0.194,49.0,62,4,6.889,12.4,151.83,170.73501577287067,8.5,193.0,170.73501577287067,159,1,1,0
1359496,57,2,2,4,22,34,KKR,MI,"Wankhede Stadium, Mumbai",2023,2023-04-16,9.5,6,0.647,0.176,19.0,83,2,9.222,27.667,175.08,170.73501577287067,8.5,182.0,154.19,185,1,1,0
1359497,42,2,6,0,19,36,GT,RR,"Narendra Modi Stadium, Ahmedabad",2023,2023-04-16,7.0,6,0.528,0.167,14.0,77,1,8.556,38.5,174.93,170.73501577287067,8.5,172.0,170.73501577287067,177,1,1,0
1359498,53,1,4,3,13,36,CSK,RCB,"M Chinnaswamy Stadium, Bengaluru",2023,2023-04-17,8.833,7,0.361,0.194,26.5,112,1,12.444,56.0,195.57,197.5,6.333,181.67,168.5,226,1,1,0
1359499,53,1,7,2,17,36,MI,SRH,"Rajiv Gandhi International Stadium, Uppal, Hyderabad",2023,2023-04-18,8.833,9,0.472,0.25,26.5,77,2,8.556,25.667,174.43,164.0,10.5,168.33,163.0,192,1,1,0
1359500,37,0,4,1,22,35,LSG,RR,"Sawai Mansingh Stadium, Jaipur",2023,2023-04-19,6.167,5,0.629,0.143,37.0,72,4,8.0,14.4,171.8,176.0,8.75,187.33,170.73501577287067,154,1,1,0
1359501,59,0,6,2,13,33,RCB,PBKS,"Punjab Cricket Association IS Bindra Stadium, Mohali, Chandigarh",2023,2023-04-20,9.833,8,0.394,0.242,59.0,71,0,7.889,71.0,199.5,193.0,8.5,181.0,170.25,174,1,1,0
1359502,35,3,6,0,24,35,KKR,DC,"Arun Jaitley Stadium, Delhi",2023,2023-04-20,5.833,6,0.686,0.171,8.75,59,5,6.556,9.833,182.64,194.5,8.056,188.67,156.2,127,1,1,0
1359503,45,1,5,1,18,35,SRH,CSK,"MA Chidambaram Stadium, Chepauk, Chennai",2023,2023-04-21,7.5,6,0.514,0.171,22.5,57,4,6.333,11.4,162.17,174.5,9.833,168.67,164.42,134,1,1,0
1359504,40,1,5,0,18,36,GT,LSG,"Bharat Ratna Shri Atal Bihari Vajpayee Ekana Cricket Stadium, Lucknow",2023,2023-04-22,6.667,5,0.5,0.139,20.0,52,3,5.778,13.0,151.83,190.5,9.889,183.0,170.73501577287067,135,1,1,0
1359505,58,1,4,3,16,36,PBKS,MI,"Wankhede Stadium, Mumbai",2023,2023-04-22,9.667,7,0.444,0.194,29.0,60,3,6.667,15.0,175.08,164.33,9.0,164.33,171.71,214,1,1,0
1359506,62,2,8,3,14,36,RCB,RR,"M Chinnaswamy Stadium, Bengaluru",2023,2023-04-23,10.333,11,0.389,0.306,20.667,94,2,10.444,31.333,195.57,186.67,7.889,186.67,148.8,189,1,1,0
1359507,59,0,4,4,14,36,CSK,KKR,"Eden Gardens, Kolkata",2023,2023-04-23,9.833,8,0.389,0.222,59.0,101,2,11.222,33.667,193.89,207.0,9.917,207.0,168.21,235,1,1,0
1359508,49,2,6,2,19,35,DC,SRH,"Rajiv Gandhi International Stadium, Uppal, Hyderabad",2023,2023-04-24,8.167,8,0.543,0.229,16.333,57,3,6.333,14.25,174.43,167.0,9.944,164.33,159.25,144,1,1,0
1359509,50,1,5,1,16,36,GT,MI,"Narendra Modi Stadium, Ahmedabad",2023,2023-04-25,8.333,6,0.444,0.167,25.0,80,3,8.889,20.0,174.93,172.0,9.222,172.0,170.73501577287067,207,1,1,0
1359510,66,0,7,5,18,36,KKR,RCB,"M Chinnaswamy Stadium, Bengaluru",2023,2023-04-26,11.0,12,0.5,0.333,66.0,65,2,7.222,21.667,195.57,172.0,7.167,172.0,159.22,200,1,1,0
1359511,64,0,10,2,15,35,RR,CSK,"Sawai Mansingh Stadium, Jaipur",2023,2023-04-27,10.667,12,0.429,0.343,64.0,75,3,8.333,18.75,171.8,192.33,9.056,192.33,165.64,202,1,1,0
1359512,74,2,9,5,22,36,LSG,PBKS,"Punjab Cricket Association IS Bindra Stadium, Mohali, Chandigarh",2023,2023-04-28,12.333,14,0.611,0.389,24.667,110,1,12.222,55.0,199.5,168.67,9.0,168.67,156.0,257,1,1,0
1359513,61,2,6,4,17,36,KKR,GT,"Eden Gardens, Kolkata",2023,2023-04-29,10.167,10,0.472,0.278,20.333,73,2,8.111,24.333,193.89,179.0,8.611,170.67,170.73501577287067,179,1,1,0
1359514,62,2,10,1,18,36,SRH,DC,"Arun Jaitley Stadium, Delhi",2023,2023-04-29,10.333,11,0.5,0.306,20.667,73,3,8.111,18.25,182.64,161.0,7.5,161.0,166.5,197,1,1,0
1359515,57,0,9,1,18,35,CSK,PBKS,"MA Chidambaram Stadium, Chepauk, Chennai",2023,2023-04-30,9.5,10,0.514,0.286,57.0,89,2,9.889,29.667,162.17,214.0,10.111,226.0,172.0,200,1,1,0
1359516,65,0,7,3,27,33,RR,MI,"Wankhede Stadium, Mumbai",2023,2023-04-30,10.833,10,0.818,0.303,65.0,78,4,8.667,15.6,175.08,194.75,9.0,192.0,155.5,212,1,1,0
1359517,42,0,3,1,11,36,RCB,LSG,"Bharat Ratna Shri Atal Bihari Vajpayee Ekana Cricket Stadium, Lucknow",2023,2023-05-01,7.0,4,0.306,0.111,42.0,50,4,5.556,10.0,151.83,187.25,9.083,179.0,200.0,126,1,1,0
1359518,28,5,3,0,24,36,DC,GT,"Narendra Modi Stadium, Ahmedabad",2023,2023-05-02,4.667,3,0.667,0.083,4.667,50,1,5.556,25.0,174.93,159.33,9.0,159.33,170.73501577287067,130,1,1,0
1359520,50,1,7,1,16,36,PBKS,MI,"Punjab Cricket Association IS Bindra Stadium, Mohali, Chandigarh",2023,2023-05-03,8.333,8,0.444,0.222,25.0,95,2,10.556,31.667,199.5,176.75,9.367,170.0,174.06,214,1,1,0
1359521,49,3,8,0,22,36,KKR,SRH,"Rajiv Gandhi International Stadium, Uppal, Hyderabad",2023,2023-05-04,8.167,8,0.611,0.222,12.25,80,2,8.889,26.667,174.43,179.0,9.5,168.67,164.41,171,1,1,0
1359522,50,2,5,2,17,35,RR,GT,"Sawai Mansingh Stadium, Jaipur",2023,2023-05-05,8.333,7,0.486,0.2,16.667,50,6,5.556,7.143,171.8,198.2,8.133,196.33,159.0,118,1,1,0
1359523,34,3,4,0,18,36,MI,CSK,"MA Chidambaram Stadium, Chepauk, Chennai",2023,2023-05-06,5.667,4,0.5,0.111,8.5,59,1,6.556,29.5,162.17,173.33,9.458,173.33,161.42,139,1,1,0
1359524,51,0,7,1,14,36,RCB,DC,"Arun Jaitley Stadium, Delhi",2023,2023-05-06,8.5,8,0.389,0.222,51.0,75,2,8.333,25.0,182.64,175.0,8.067,163.0,170.57,181,1,1,0
1359525,78,0,6,6,14,36,GT,LSG,"Narendra Modi Stadium, Ahmedabad",2023,2023-05-07,13.0,12,0.389,0.333,78.0,98,1,10.889,49.0,174.93,180.75,8.667,173.0,139.5,227,1,1,0
1359526,61,1,8,2,18,35,RR,SRH,"Sawai Mansingh Stadium, Jaipur",2023,2023-05-07,10.167,10,0.514,0.286,30.5,93,0,10.333,93.0,171.8,184.83,9.233,177.33,173.22,214,1,1,0
1359527,58,3,11,0,18,33,PBKS,KKR,"Eden Gardens, Kolkata",2023,2023-05-08,9.667,11,0.545,0.333,14.5,66,2,7.333,22.0,193.89,184.2,9.889,193.67,153.94,179,1,1,0
1359528,56,2,10,1,15,36,RCB,MI,"Wankhede Stadium, Mumbai",2023,2023-05-09,9.333,11,0.417,0.306,18.667,96,3,10.667,24.0,175.08,176.0,9.194,165.33,164.36,199,1,1,0
1359529,49,1,7,0,18,34,CSK,DC,"MA Chidambaram Stadium, Chepauk, Chennai",2023,2023-05-10,8.167,7,0.529,0.206,24.5,68,4,7.556,13.6,162.17,211.2,8.139,220.33,166.82,167,1,1,0
1359530,37,2,3,2,23,35,KKR,RR,"Eden Gardens, Kolkata",2023,2023-05-11,6.167,5,0.657,0.143,12.333,79,2,8.778,26.333,193.89,177.67,8.5,183.33,165.71,149,1,1,0
1359531,61,0,7,3,16,35,MI,GT,"Wankhede Stadium, Mumbai",2023,2023-05-12,10.167,10,0.457,0.286,61.0,90,3,10.0,22.5,175.08,164.75,8.167,162.67,170.73501577287067,218,1,1,0
1359532,56,2,10,0,17,35,SRH,LSG,"Rajiv Gandhi International Stadium, Uppal, Hyderabad",2023,2023-05-13,9.333,10,0.486,0.286,18.667,74,3,8.222,18.5,174.43,170.0,9.389,186.33,170.73501577287067,182,1,1,0
1359533,46,3,5,2,26,35,PBKS,DC,"Arun Jaitley Stadium, Delhi",2023,2023-05-13,7.667,7,0.743,0.2,11.5,71,1,7.889,35.5,182.64,183.33,8.143,202.33,152.2,167,1,1,0
1359534,42,0,3,1,12,36,RCB,RR,"Sawai Mansingh Stadium, Jaipur",2023,2023-05-14,7.0,4,0.333,0.111,42.0,78,2,8.667,26.0,171.8,179.29,8.033,168.67,152.45,171,1,1,0
1359535,52,1,6,1,11,36,CSK,KKR,"MA Chidambaram Stadium, Chepauk, Chennai",2023,2023-05-14,8.667,7,0.306,0.194,26.0,40,4,4.444,8.0,162.17,203.83,9.833,200.67,172.67,144,1,1,0
1359536,65,1,10,0,19,36,GT,SRH,"Narendra Modi Stadium, Ahmedabad",2023,2023-05-15,10.833,10,0.528,0.278,32.5,89,1,9.889,44.5,174.93,190.0,9.389,189.67,170.73501577287067,188,1,1,0
1359537,35,2,1,2,20,35,LSG,MI,"Bharat Ratna Shri Atal Bihari Vajpayee Ekana Cricket Stadium, Lucknow",2023,2023-05-16,5.833,3,0.571,0.086,11.667,73,1,8.111,36.5,151.83,190.75,9.214,190.0,183.5,177,1,1,0
1359538,61,0,7,3,15,36,DC,PBKS,"Himachal Pradesh Cricket Association Stadium, Dharamsala",2023,2023-05-17,10.167,10,0.417,0.278,61.0,87,2,9.667,29.0,200.0,152.0,9.958,148.67,146.92,213,1,1,0
1359539,49,2,8,1,19,36,SRH,RCB,"Rajiv Gandhi International Stadium, Uppal, Hyderabad",2023,2023-05-18,8.167,9,0.528,0.25,16.333,84,1,9.333,42.0,174.43,172.4,8.125,171.0,166.53,186,1,1,0
1359540,48,3,6,2,21,36,PBKS,RR,"Himachal Pradesh Cricket Association Stadium, Dharamsala",2023,2023-05-19,8.0,8,0.583,0.222,12.0,69,2,7.667,23.0,200.0,181.0,7.861,186.67,180.2,187,1,1,0
1359541,52,0,6,2,15,35,CSK,DC,"Arun Jaitley Stadium, Delhi",2023,2023-05-20,8.667,8,0.429,0.229,52.0,96,1,10.667,48.0,182.64,195.29,8.083,170.33,166.83,223,1,1,0
1359542,54,1,5,2,17,35,LSG,KKR,"Eden Gardens, Kolkata",2023,2023-05-20,9.0,7,0.486,0.2,27.0,65,4,7.222,13.0,193.89,188.0,9.6,196.0,193.0,176,1,1,0
1359543,53,0,9,0,17,33,SRH,MI,"Wankhede Stadium, Mumbai",2023,2023-05-21,8.833,9,0.515,0.273,53.0,104,1,11.556,52.0,175.08,174.67,8.792,188.33,150.15,200,1,1,0
1359544,62,0,11,0,12,36,RCB,GT,"M Chinnaswamy Stadium, Bengaluru",2023,2023-05-21,10.333,11,0.333,0.306,62.0,74,5,8.222,12.333,195.57,178.25,8.452,183.67,170.73501577287067,197,1,1,0
1370350,49,0,6,1,19,35,CSK,GT,"MA Chidambaram Stadium, Chepauk, Chennai",2023,2023-05-23,8.167,7,0.543,0.2,49.0,76,3,8.444,19.0,162.17,198.75,8.688,178.0,160.0,172,1,1,0
1370351,62,2,9,2,17,35,MI,LSG,"MA Chidambaram Stadium, Chepauk, Chennai",2023,2023-05-24,10.333,11,0.486,0.314,20.667,69,2,7.667,23.0,162.17,175.4,9.381,183.0,170.73501577287067,182,1,1,0
1370352,50,0,6,1,14,36,GT,MI,"Narendra Modi Stadium, Ahmedabad",2023,2023-05-26,8.333,7,0.389,0.194,50.0,116,1,12.889,58.0,174.93,189.67,8.796,207.33,170.73501577287067,233,1,1,0
1422119,42,3,8,0,23,35,RCB,CSK,"MA Chidambaram Stadium, Chepauk, Chennai",2024,2024-03-22,7.0,8,0.657,0.229,10.5,60,2,6.667,20.0,162.17,170.73501577287067,8.5,189.0,153.41,173,1,1,0
1422120,54,1,4,4,25,34,DC,PBKS,"Maharaja Yadavindra Singh International Cricket Stadium, Mullanpur",2024,2024-03-23,9.0,8,0.735,0.235,27.0,70,4,7.778,14.0,170.73501577287067,170.73501577287067,8.5,162.33,152.0,174,1,1,0
1422121,43,3,2,3,22,36,KKR,SRH,"Eden Gardens, Kolkata",2024,2024-03-23,7.167,5,0.611,0.139,10.75,80,3,8.889,20.0,193.89,170.73501577287067,8.5,166.33,164.78,208,1,1,0
1422122,54,2,6,2,14,36,RR,LSG,"Sawai Mansingh Stadium, Jaipur",2024,2024-03-24,9.0,8,0.389,0.222,18.0,89,1,9.889,44.5,171.8,170.73501577287067,8.5,181.33,171.5,193,1,1,0
1422123,47,1,7,1,18,35,GT,MI,"Narendra Modi Stadium, Ahmedabad",2024,2024-03-24,7.833,8,0.514,0.229,23.5,77,2,8.556,25.667,174.93,170.73501577287067,8.5,216.0,220.0,168,1,1,0
1422124,40,1,7,0,20,35,PBKS,RCB,"M Chinnaswamy Stadium, Bengaluru",2024,2024-03-25,6.667,7,0.571,0.2,20.0,88,3,9.778,22.0,195.57,170.73501577287067,8.5,177.67,171.62,176,1,1,0
1422125,69,1,9,3,15,35,CSK,GT,"MA Chidambaram Stadium, Chepauk, Chennai",2024,2024-03-26,11.5,12,0.429,0.343,34.5,86,2,9.556,28.667,162.17,170.73501577287067,8.5,179.67,163.0,206,1,1,0
1422126,81,1,10,4,11,35,SRH,MI,"Rajiv Gandhi International Stadium, Uppal, Hyderabad",2024,2024-03-27,13.5,14,0.314,0.4,40.5,121,2,13.444,40.333,174.43,170.73501577287067,8.5,189.33,153.71,277,1,1,0
1422127,31,2,4,0,22,36,RR,DC,"Sawai Mansingh Stadium, Jaipur",2024,2024-03-28,5.167,4,0.611,0.111,10.333,77,2,8.556,25.667,171.8,170.73501577287067,8.5,175.0,170.42,185,1,1,0
1422128,61,1,6,3,14,36,RCB,KKR,"M Chinnaswamy Stadium, Bengaluru",2024,2024-03-29,10.167,9,0.389,0.25,30.5,73,2,8.111,24.333,195.57,170.73501577287067,8.5,180.33,165.83,182,1,1,0
1422129,54,2,5,3,17,36,LSG,PBKS,"Bharat Ratna Shri Atal Bihari Vajpayee Ekana Cricket Stadium, Lucknow",2024,2024-03-30,9.0,8,0.472,0.222,18.0,92,2,10.222,30.667,151.83,170.73501577287067,8.5,203.33,189.67,199,1,1,0
1422130,56,1,6,2,17,34,SRH,GT,"Narendra Modi Stadium, Ahmedabad",2024,2024-03-31,9.333,8,0.5,0.235,28.0,66,4,7.333,13.2,174.93,170.73501577287067,8.5,221.0,170.73501577287067,162,1,1,0
1422131,62,0,8,2,15,35,DC,CSK,"Dr. Y.S. Rajasekhara Reddy ACA-VDCA Cricket Stadium, Visakhapatnam",2024,2024-03-31,10.333,10,0.429,0.286,62.0,72,4,8.0,14.4,170.73501577287067,170.73501577287067,8.5,172.33,165.6,191,1,1,0
1422132,46,4,5,2,23,35,MI,RR,"Wankhede Stadium, Mumbai",2024,2024-04-01,7.667,7,0.657,0.2,9.2,56,3,6.222,14.0,175.08,170.73501577287067,8.5,179.67,170.06,125,1,1,0
1422133,54,1,4,4,17,36,LSG,RCB,"M Chinnaswamy Stadium, Bengaluru",2024,2024-04-02,9.0,8,0.472,0.222,27.0,77,2,8.556,25.667,195.57,170.73501577287067,8.5,184.0,170.73501577287067,181,1,1,0
1422134,88,1,12,4,17,34,KKR,DC,"Dr. Y.S. Rajasekhara Reddy ACA-VDCA Cricket Stadium, Visakhapatnam",2024,2024-04-03,14.667,16,0.5,0.471,44.0,107,2,11.889,35.667,170.73501577287067,170.73501577287067,8.5,176.0,154.38,272,1,1,0
1422135,52,1,7,1,19,34,GT,PBKS,"Narendra Modi Stadium, Ahmedabad",2024,2024-04-04,8.667,8,0.559,0.235,26.0,82,2,9.111,27.333,174.93,170.73501577287067,9.0,196.33,170.73501577287067,199,1,1,0
1422136,48,1,6,2,17,36,CSK,SRH,"Rajiv Gandhi International Stadium, Uppal, Hyderabad",2024,2024-04-05,8.0,8,0.472,0.222,24.0,79,3,8.778,19.75,174.43,170.73501577287067,8.5,200.33,171.19,165,1,1,0
1422137,53,0,6,1,15,35,RCB,RR,"Sawai Mansingh Stadium, Jaipur",2024,2024-04-06,8.833,7,0.429,0.2,53.0,76,2,8.444,25.333,171.8,177.5,8.5,184.0,154.0,183,1,1,0
1422138,75,0,9,3,14,36,MI,DC,"Wankhede Stadium, Mumbai",2024,2024-04-07,12.5,12,0.389,0.333,75.0,63,4,7.0,12.6,175.08,170.73501577287067,9.917,175.0,167.76,234,1,1,0
1422139,47,2,5,1,19,35,LSG,GT,"Bharat Ratna Shri Atal Bihari Vajpayee Ekana Cricket Stadium, Lucknow",2024,2024-04-07,7.833,6,0.543,0.171,15.667,67,2,7.444,22.333,151.83,190.0,10.417,185.33,170.73501577287067,163,1,1,0
1426260,56,1,6,3,21,35,KKR,CSK,"MA Chidambaram Stadium, Chepauk, Chennai",2024,2024-04-08,9.333,9,0.6,0.257,28.0,43,4,4.778,8.6,162.17,240.0,8.667,209.67,154.4,137,1,1,0
1426261,40,3,6,1,25,36,SRH,PBKS,"Maharaja Yadavindra Singh International Cricket Stadium, Mullanpur",2024,2024-04-09,6.667,7,0.694,0.194,10.0,93,2,10.333,31.0,170.73501577287067,219.5,8.889,213.0,174.33,182,1,1,0
1426262,43,2,7,0,17,36,RR,GT,"Sawai Mansingh Stadium, Jaipur",2024,2024-04-10,7.167,7,0.472,0.194,14.333,91,0,10.111,91.0,171.8,189.0,9.556,197.33,145.33,196,1,1,0
1426263,44,2,6,2,20,36,RCB,MI,"Wankhede Stadium, Mumbai",2024,2024-04-11,7.333,8,0.556,0.222,14.667,86,2,9.556,28.667,175.08,179.33,10.667,179.33,166.67,196,1,1,0
1426264,57,2,8,1,17,36,LSG,DC,"Bharat Ratna Shri Atal Bihari Vajpayee Ekana Cricket Stadium, Lucknow",2024,2024-04-12,9.5,9,0.472,0.25,19.0,57,5,6.333,9.5,151.83,181.0,10.778,181.0,194.0,167,1,1,0
1426265,38,1,4,0,16,36,PBKS,RR,"Maharaja Yadavindra Singh International Cricket Stadium, Mullanpur",2024,2024-04-13,6.333,4,0.444,0.111,19.0,48,4,5.333,9.6,170.73501577287067,170.73501577287067,8.25,176.67,180.62,147,1,1,0
1426266,49,2,7,1,20,36,LSG,KKR,"Eden Gardens, Kolkata",2024,2024-04-14,8.167,8,0.556,0.222,16.333,64,3,7.111,16.0,193.89,177.5,8.5,170.33,187.33,161,1,1,0
1426267,48,1,6,2,20,36,CSK,MI,"Wankhede Stadium, Mumbai",2024,2024-04-14,8.0,8,0.556,0.222,24.0,101,1,11.222,50.5,175.08,185.5,9.556,181.0,161.5,206,1,1,0
1426268,76,0,5,6,10,36,SRH,RCB,"M Chinnaswamy Stadium, Bengaluru",2024,2024-04-15,12.667,11,0.278,0.306,76.0,129,2,14.333,43.0,195.57,207.0,7.833,207.0,167.61,287,1,1,0
1426269,56,1,7,1,16,34,KKR,RR,"Eden Gardens, Kolkata",2024,2024-04-16,9.333,8,0.471,0.235,28.0,105,2,11.667,35.0,193.89,205.67,7.611,205.67,163.62,223,1,1,0
1426270,30,4,4,0,29,33,GT,DC,"Narendra Modi Stadium, Ahmedabad",2024,2024-04-17,5.0,4,0.879,0.121,6.0,48,4,5.333,9.6,174.93,183.5,10.458,200.0,170.73501577287067,89,1,1,0
1426271,54,1,7,2,13,36,MI,PBKS,"Maharaja Yadavindra Singh International Cricket Stadium, Mullanpur",2024,2024-04-18,9.0,9,0.361,0.25,27.0,76,1,8.444,38.0,170.73501577287067,179.5,8.333,180.33,165.36,192,1,1,0
1426272,51,2,6,1,12,36,CSK,LSG,"Bharat Ratna Shri Atal Bihari Vajpayee Ekana Cricket Stadium, Lucknow",2024,2024-04-19,8.5,7,0.333,0.194,17.0,54,3,6.0,13.5,151.83,192.33,8.5,192.33,213.5,176,1,1,0
1426273,125,0,13,11,6,35,SRH,DC,"Arun Jaitley Stadium, Delhi",2024,2024-04-20,20.833,24,0.171,0.686,125.0,80,4,8.889,16.0,182.64,227.0,9.367,210.33,168.11,266,1,1,0
1426274,75,3,11,3,17,31,KKR,RCB,"Eden Gardens, Kolkata",2024,2024-04-21,12.5,14,0.548,0.452,18.75,74,2,8.222,24.667,193.89,210.0,9.444,210.67,161.37,222,1,1,0
1426275,56,1,6,3,18,36,PBKS,GT,"Maharaja Yadavindra Singh International Cricket Stadium, Mullanpur",2024,2024-04-21,9.333,9,0.5,0.25,28.0,41,5,4.556,6.833,170.73501577287067,161.5,8.958,170.0,171.0,142,1,1,0
1426276,45,3,5,1,18,35,MI,RR,"Sawai Mansingh Stadium, Jaipur",2024,2024-04-22,7.5,6,0.514,0.171,11.25,86,1,9.556,43.0,171.8,183.67,8.042,183.67,167.41,179,1,1,0
1426277,49,2,7,0,12,36,CSK,LSG,"MA Chidambaram Stadium, Chepauk, Chennai",2024,2024-04-23,8.167,7,0.333,0.194,16.333,86,1,9.556,43.0,162.17,188.25,8.75,182.33,201.0,210,1,1,0
1426278,44,3,5,2,19,36,DC,GT,"Arun Jaitley Stadium, Delhi",2024,2024-04-24,7.333,7,0.528,0.194,11.0,83,0,9.222,83.0,182.64,182.5,9.033,192.67,146.0,224,1,1,0
1426279,61,1,7,2,9,36,RCB,SRH,"Rajiv Gandhi International Stadium, Uppal, Hyderabad",2024,2024-04-25,10.167,9,0.25,0.25,30.5,81,3,9.0,20.25,174.43,183.5,7.583,187.0,161.85,206,1,1,0
1426280,76,0,9,4,14,36,KKR,PBKS,"Eden Gardens, Kolkata",2024,2024-04-26,12.667,13,0.389,0.361,76.0,114,2,12.667,38.0,193.89,212.4,8.467,194.0,180.4,261,1,1,0
1426281,92,0,12,5,12,36,DC,MI,"Arun Jaitley Stadium, Delhi",2024,2024-04-27,15.333,17,0.333,0.472,92.0,98,3,10.889,24.5,182.64,196.33,9.167,196.33,162.83,257,1,1,0
1426282,46,2,8,0,17,36,LSG,RR,"Bharat Ratna Shri Atal Bihari Vajpayee Ekana Cricket Stadium, Lucknow",2024,2024-04-27,7.667,8,0.472,0.222,15.333,104,1,11.556,52.0,151.83,174.2,7.933,163.67,170.73501577287067,196,1,1,0
1426283,42,1,5,0,19,35,GT,RCB,"Narendra Modi Stadium, Ahmedabad",2024,2024-04-28,7.0,5,0.543,0.143,21.0,96,2,10.667,32.0,174.93,152.0,10.208,152.0,170.73501577287067,200,1,1,0
1426284,50,1,8,0,14,35,CSK,SRH,"MA Chidambaram Stadium, Chepauk, Chennai",2024,2024-04-28,8.333,8,0.4,0.229,25.0,98,1,10.889,49.0,162.17,192.6,8.444,197.33,170.82,212,1,1,0
1426285,67,3,7,4,19,35,DC,KKR,"Eden Gardens, Kolkata",2024,2024-04-29,11.167,11,0.543,0.314,16.75,45,5,5.0,7.5,193.89,211.5,9.167,224.0,164.29,153,1,1,0
1426286,28,4,2,1,23,36,MI,LSG,"Bharat Ratna Shri Atal Bihari Vajpayee Ekana Cricket Stadium, Lucknow",2024,2024-04-30,4.667,3,0.639,0.083,5.6,68,1,7.556,34.0,151.83,182.5,8.556,201.67,170.73501577287067,144,1,1,0
1426287,55,0,9,0,14,34,CSK,PBKS,"MA Chidambaram Stadium, Chepauk, Chennai",2024,2024-05-01,9.167,9,0.412,0.265,55.0,47,3,5.222,11.75,162.17,195.83,9.167,199.33,174.33,162,1,1,0
1426288,37,2,4,1,19,36,SRH,RR,"Rajiv Gandhi International Stadium, Uppal, Hyderabad",2024,2024-05-02,6.167,5,0.528,0.139,12.333,94,1,10.444,47.0,174.43,234.8,7.889,245.0,154.0,201,1,1,0
1426289,57,4,7,3,21,35,KKR,MI,"Wankhede Stadium, Mumbai",2024,2024-05-03,9.5,10,0.6,0.286,11.4,71,1,7.889,35.5,175.08,220.5,10.4,235.33,156.0,169,1,1,0
1426290,23,3,2,0,25,36,GT,RCB,"M Chinnaswamy Stadium, Bengaluru",2024,2024-05-04,3.833,2,0.694,0.056,5.75,79,2,8.778,26.333,195.57,164.0,9.567,162.67,184.0,147,1,1,0
1426291,60,1,6,2,11,36,CSK,PBKS,"Himachal Pradesh Cricket Association Stadium, Dharamsala",2024,2024-05-05,10.0,8,0.306,0.222,30.0,57,4,6.333,11.4,200.0,191.0,9.167,194.67,173.38,167,1,1,0
1426292,70,1,11,2,13,36,KKR,LSG,"Bharat Ratna Shri Atal Bihari Vajpayee Ekana Cricket Stadium, Lucknow",2024,2024-05-05,11.667,13,0.361,0.361,35.0,101,2,11.222,33.667,151.83,213.14,7.583,217.33,170.73501577287067,235,1,1,0
1426293,56,1,6,2,20,34,SRH,MI,"Wankhede Stadium, Mumbai",2024,2024-05-06,9.333,8,0.588,0.235,28.0,64,4,7.111,12.8,175.08,229.17,10.25,251.33,161.93,173,1,1,0
1426294,78,2,11,4,12,36,DC,RR,"Arun Jaitley Stadium, Delhi",2024,2024-05-07,13.0,15,0.333,0.417,26.0,78,3,8.667,19.5,182.64,199.8,7.643,211.33,159.69,221,1,1,0
1426295,27,2,0,1,17,35,LSG,SRH,"Rajiv Gandhi International Stadium, Uppal, Hyderabad",2024,2024-05-08,4.5,1,0.486,0.029,9.0,75,2,8.333,25.0,174.43,177.83,8.417,174.67,170.73501577287067,165,1,1,0
1426296,56,2,8,2,17,36,RCB,PBKS,"Himachal Pradesh Cricket Association Stadium, Dharamsala",2024,2024-05-09,9.333,10,0.472,0.278,18.667,108,1,12.0,54.0,200.0,188.0,9.271,195.0,170.47,241,1,1,0
1426297,58,0,3,4,13,36,GT,CSK,"Narendra Modi Stadium, Ahmedabad",2024,2024-05-10,9.667,7,0.361,0.194,58.0,132,0,14.667,132.0,174.93,160.6,8.889,145.33,170.73501577287067,231,1,1,0
1426298,52,3,6,3,22,33,KKR,MI,"Eden Gardens, Kolkata",2024,2024-05-11,8.667,9,0.667,0.273,13.0,95,3,10.556,23.75,193.89,215.88,10.119,221.67,156.72,157,1,1,0
1426299,42,0,5,1,17,36,RR,CSK,"MA Chidambaram Stadium, Chepauk, Chennai",2024,2024-05-12,7.0,6,0.472,0.167,42.0,52,3,5.778,13.0,162.17,191.33,9.083,191.33,168.67,141,1,1,0
1426300,61,2,5,4,16,35,RCB,DC,"M Chinnaswamy Stadium, Bengaluru",2024,2024-05-12,10.167,9,0.457,0.257,20.333,77,2,8.556,25.667,195.57,196.83,11.278,214.33,171.27,187,1,1,0
1426302,73,1,7,5,21,36,DC,LSG,"Arun Jaitley Stadium, Delhi",2024,2024-05-14,12.167,12,0.583,0.333,36.5,63,2,7.0,21.0,182.64,203.33,8.4,210.33,170.73501577287067,208,1,1,0
1426303,38,1,6,1,22,36,RR,PBKS,"Barsapara Cricket Stadium, Guwahati",2024,2024-05-15,6.333,7,0.611,0.194,19.0,65,5,7.222,10.833,198.0,178.75,9.278,174.0,178.89,144,1,1,0
1426305,49,2,5,2,19,36,LSG,MI,"Wankhede Stadium, Mumbai",2024,2024-05-17,8.167,7,0.528,0.194,16.333,110,1,12.222,55.0,175.08,176.0,9.938,174.0,181.33,214,1,1,0
1426306,42,0,3,3,20,36,RCB,CSK,"M Chinnaswamy Stadium, Bengaluru",2024,2024-05-18,7.0,6,0.556,0.167,42.0,96,2,10.667,32.0,195.57,195.43,8.667,211.33,154.5,218,1,1,0
1426307,61,0,8,2,13,35,PBKS,SRH,"Rajiv Gandhi International Stadium, Uppal, Hyderabad",2024,2024-05-19,10.167,10,0.371,0.286,61.0,98,2,10.889,32.667,174.43,155.0,7.633,155.0,151.85,214,1,1,0
1426309,45,4,6,0,20,36,SRH,KKR,"Narendra Modi Stadium, Ahmedabad",2024,2024-05-21,7.5,6,0.556,0.167,9.0,80,4,8.889,16.0,174.93,221.14,9.833,213.33,158.69,159,1,1,0
1426310,50,1,5,2,15,34,RCB,RR,"Narendra Modi Stadium, Ahmedabad",2024,2024-05-22,8.333,7,0.441,0.206,25.0,75,4,8.333,15.0,174.93,198.25,8.312,215.33,156.23,172,1,1,0
1426311,68,3,8,3,10,35,SRH,RR,"MA Chidambaram Stadium, Chepauk, Chennai",2024,2024-05-24,11.333,11,0.286,0.314,17.0,64,3,7.111,16.0,162.17,213.38,8.315,177.67,156.61,175,1,1,0
1426312,40,3,4,1,24,35,SRH,KKR,"MA Chidambaram Stadium, Chepauk, Chennai",2024,2024-05-26,6.667,5,0.686,0.143,10.0,50,5,5.556,8.333,162.17,209.11,9.25,169.0,158.71,113,1,1,0
